bbox_count,source,stratify_group,fold
55,arvalis_1,arvalis_1_3,1
20,usask_1,usask_1_1,3
25,inrae_1,inrae_1_1,1
41,inrae_1,inrae_1_2,0
25,arvalis_3,arvalis_3_1,3
7,arvalis_3,arvalis_3_0,1
43,arvalis_1,arvalis_1_2,0
55,arvalis_1,arvalis_1_3,2
36,usask_1,usask_1_2,3
16,inrae_1,inrae_1_1,2
49,rres_1,rres_1_3,3
21,arvalis_2,arvalis_2_1,0
35,arvalis_1,arvalis_1_2,4
28,arvalis_1,arvalis_1_1,0
22,arvalis_2,arvalis_2_1,1
19,arvalis_2,arvalis_2_1,3
47,arvalis_3,arvalis_3_3,2
52,arvalis_3,arvalis_3_3,4
46,arvalis_1,arvalis_1_3,4
32,arvalis_3,arvalis_3_2,4
39,usask_1,usask_1_2,0
30,usask_1,usask_1_2,2
13,inrae_1,inrae_1_0,3
65,ethz_1,ethz_1_4,1
96,ethz_1,ethz_1_6,0
20,inrae_1,inrae_1_1,0
23,arvalis_2,arvalis_2_1,4
48,usask_1,usask_1_3,1
54,arvalis_1,arvalis_1_3,3
42,usask_1,usask_1_2,2
75,ethz_1,ethz_1_5,3
33,arvalis_1,arvalis_1_2,3
17,inrae_1,inrae_1_1,2
61,arvalis_3,arvalis_3_4,2
21,arvalis_2,arvalis_2_1,0
26,arvalis_1,arvalis_1_1,3
15,arvalis_2,arvalis_2_1,2
44,arvalis_3,arvalis_3_2,2
27,arvalis_2,arvalis_2_1,3
30,arvalis_1,arvalis_1_2,3
72,ethz_1,ethz_1_4,3
87,ethz_1,ethz_1_5,3
43,arvalis_1,arvalis_1_2,0
34,rres_1,rres_1_2,4
77,ethz_1,ethz_1_5,3
44,rres_1,rres_1_2,1
53,arvalis_1,arvalis_1_3,4
67,rres_1,rres_1_4,1
41,arvalis_1,arvalis_1_2,1
38,arvalis_1,arvalis_1_2,1
23,arvalis_3,arvalis_3_1,1
19,inrae_1,inrae_1_1,0
89,ethz_1,ethz_1_5,1
45,arvalis_1,arvalis_1_3,2
44,arvalis_1,arvalis_1_2,3
19,usask_1,usask_1_1,4
24,usask_1,usask_1_1,0
50,arvalis_1,arvalis_1_3,1
60,ethz_1,ethz_1_4,1
23,arvalis_1,arvalis_1_1,4
51,arvalis_1,arvalis_1_3,1
30,arvalis_3,arvalis_3_2,2
70,ethz_1,ethz_1_4,1
64,arvalis_3,arvalis_3_4,1
29,usask_1,usask_1_1,4
58,rres_1,rres_1_3,2
61,ethz_1,ethz_1_4,0
41,arvalis_1,arvalis_1_2,4
14,arvalis_3,arvalis_3_0,0
29,arvalis_2,arvalis_2_1,4
4,arvalis_3,arvalis_3_0,4
31,arvalis_2,arvalis_2_2,2
27,usask_1,usask_1_1,3
69,ethz_1,ethz_1_4,4
14,inrae_1,inrae_1_0,3
36,arvalis_1,arvalis_1_2,4
31,usask_1,usask_1_2,1
30,inrae_1,inrae_1_2,1
59,ethz_1,ethz_1_3,0
42,arvalis_1,arvalis_1_2,3
72,ethz_1,ethz_1_4,2
71,ethz_1,ethz_1_4,0
36,rres_1,rres_1_2,3
64,ethz_1,ethz_1_4,4
47,arvalis_1,arvalis_1_3,3
60,ethz_1,ethz_1_4,1
65,arvalis_1,arvalis_1_4,4
24,arvalis_1,arvalis_1_1,3
50,arvalis_1,arvalis_1_3,4
57,arvalis_1,arvalis_1_3,4
19,arvalis_3,arvalis_3_1,3
73,ethz_1,ethz_1_4,3
49,arvalis_3,arvalis_3_3,0
10,arvalis_3,arvalis_3_0,4
8,arvalis_2,arvalis_2_0,2
36,arvalis_1,arvalis_1_2,4
48,rres_1,rres_1_3,3
65,ethz_1,ethz_1_4,3
59,ethz_1,ethz_1_3,3
68,rres_1,rres_1_4,4
63,ethz_1,ethz_1_4,3
58,arvalis_1,arvalis_1_3,4
36,rres_1,rres_1_2,3
55,arvalis_3,arvalis_3_3,0
27,inrae_1,inrae_1_1,4
40,usask_1,usask_1_2,0
79,ethz_1,ethz_1_5,3
53,arvalis_3,arvalis_3_3,1
34,arvalis_1,arvalis_1_2,0
53,rres_1,rres_1_3,1
51,rres_1,rres_1_3,3
42,arvalis_1,arvalis_1_2,0
37,arvalis_1,arvalis_1_2,3
31,arvalis_3,arvalis_3_2,4
17,arvalis_3,arvalis_3_1,2
30,usask_1,usask_1_2,2
55,arvalis_1,arvalis_1_3,0
62,ethz_1,ethz_1_4,3
54,arvalis_1,arvalis_1_3,4
52,arvalis_1,arvalis_1_3,1
48,arvalis_3,arvalis_3_3,0
55,ethz_1,ethz_1_3,3
58,arvalis_1,arvalis_1_3,0
56,ethz_1,ethz_1_3,2
3,arvalis_3,arvalis_3_0,1
52,rres_1,rres_1_3,3
30,usask_1,usask_1_2,3
12,arvalis_2,arvalis_2_0,1
32,arvalis_1,arvalis_1_2,0
67,ethz_1,ethz_1_4,1
20,inrae_1,inrae_1_1,1
35,usask_1,usask_1_2,4
15,inrae_1,inrae_1_1,0
59,ethz_1,ethz_1_3,0
23,arvalis_2,arvalis_2_1,3
30,arvalis_1,arvalis_1_2,0
42,arvalis_1,arvalis_1_2,4
12,arvalis_3,arvalis_3_0,2
21,inrae_1,inrae_1_1,2
59,ethz_1,ethz_1_3,1
70,ethz_1,ethz_1_4,0
60,ethz_1,ethz_1_4,4
55,arvalis_3,arvalis_3_3,0
44,arvalis_1,arvalis_1_2,1
48,arvalis_1,arvalis_1_3,1
63,arvalis_3,arvalis_3_4,2
46,arvalis_1,arvalis_1_3,3
33,arvalis_1,arvalis_1_2,0
30,arvalis_3,arvalis_3_2,1
26,arvalis_1,arvalis_1_1,1
57,arvalis_1,arvalis_1_3,4
22,inrae_1,inrae_1_1,0
74,ethz_1,ethz_1_4,3
89,arvalis_1,arvalis_1_5,1
20,rres_1,rres_1_1,4
54,rres_1,rres_1_3,0
19,usask_1,usask_1_1,3
31,arvalis_1,arvalis_1_2,0
35,arvalis_1,arvalis_1_2,0
23,arvalis_2,arvalis_2_1,4
37,arvalis_3,arvalis_3_2,4
14,inrae_1,inrae_1_0,3
70,ethz_1,ethz_1_4,1
21,inrae_1,inrae_1_1,1
29,arvalis_3,arvalis_3_1,4
11,arvalis_3,arvalis_3_0,3
35,arvalis_1,arvalis_1_2,0
55,arvalis_1,arvalis_1_3,1
31,arvalis_1,arvalis_1_2,2
34,arvalis_1,arvalis_1_2,1
15,usask_1,usask_1_1,4
69,arvalis_3,arvalis_3_4,2
54,ethz_1,ethz_1_3,2
18,usask_1,usask_1_1,2
84,ethz_1,ethz_1_5,0
14,arvalis_2,arvalis_2_0,0
63,arvalis_3,arvalis_3_4,4
29,inrae_1,inrae_1_1,1
79,ethz_1,ethz_1_5,3
21,arvalis_2,arvalis_2_1,4
45,arvalis_1,arvalis_1_3,1
79,ethz_1,ethz_1_5,1
5,arvalis_3,arvalis_3_0,3
17,arvalis_3,arvalis_3_1,4
41,arvalis_1,arvalis_1_2,0
51,rres_1,rres_1_3,4
31,arvalis_1,arvalis_1_2,3
31,arvalis_1,arvalis_1_2,4
51,rres_1,rres_1_3,4
62,arvalis_3,arvalis_3_4,3
69,ethz_1,ethz_1_4,4
34,arvalis_1,arvalis_1_2,0
22,arvalis_2,arvalis_2_1,1
27,arvalis_3,arvalis_3_1,1
76,ethz_1,ethz_1_5,0
44,rres_1,rres_1_2,1
34,arvalis_1,arvalis_1_2,1
52,ethz_1,ethz_1_3,4
56,arvalis_1,arvalis_1_3,0
31,rres_1,rres_1_2,1
25,arvalis_1,arvalis_1_1,0
10,arvalis_2,arvalis_2_0,1
45,rres_1,rres_1_3,4
59,rres_1,rres_1_3,3
20,arvalis_3,arvalis_3_1,4
9,arvalis_3,arvalis_3_0,4
72,ethz_1,ethz_1_4,2
29,arvalis_3,arvalis_3_1,0
38,arvalis_1,arvalis_1_2,2
65,rres_1,rres_1_4,0
10,arvalis_3,arvalis_3_0,0
72,ethz_1,ethz_1_4,4
35,arvalis_1,arvalis_1_2,1
30,usask_1,usask_1_2,1
35,arvalis_1,arvalis_1_2,2
26,arvalis_2,arvalis_2_1,1
36,arvalis_1,arvalis_1_2,2
45,rres_1,rres_1_3,0
68,arvalis_3,arvalis_3_4,0
73,ethz_1,ethz_1_4,4
33,rres_1,rres_1_2,0
49,arvalis_1,arvalis_1_3,4
21,arvalis_2,arvalis_2_1,4
36,arvalis_1,arvalis_1_2,1
44,arvalis_1,arvalis_1_2,0
51,arvalis_1,arvalis_1_3,0
59,arvalis_1,arvalis_1_3,2
45,arvalis_1,arvalis_1_3,4
53,arvalis_3,arvalis_3_3,1
75,ethz_1,ethz_1_5,4
83,ethz_1,ethz_1_5,2
7,arvalis_3,arvalis_3_0,2
23,rres_1,rres_1_1,2
31,arvalis_1,arvalis_1_2,3
101,arvalis_1,arvalis_1_6,4
76,arvalis_1,arvalis_1_5,2
68,ethz_1,ethz_1_4,0
41,arvalis_3,arvalis_3_2,4
46,usask_1,usask_1_3,1
77,ethz_1,ethz_1_5,4
52,arvalis_3,arvalis_3_3,3
64,rres_1,rres_1_4,0
16,arvalis_2,arvalis_2_1,3
56,arvalis_3,arvalis_3_3,2
56,arvalis_1,arvalis_1_3,1
60,rres_1,rres_1_4,0
46,arvalis_1,arvalis_1_3,4
64,ethz_1,ethz_1_4,0
2,arvalis_3,arvalis_3_0,4
45,arvalis_1,arvalis_1_3,4
53,arvalis_1,arvalis_1_3,2
13,arvalis_3,arvalis_3_0,1
33,arvalis_1,arvalis_1_2,2
46,arvalis_1,arvalis_1_3,0
64,arvalis_1,arvalis_1_4,4
50,arvalis_1,arvalis_1_3,1
62,ethz_1,ethz_1_4,3
49,arvalis_1,arvalis_1_3,1
53,rres_1,rres_1_3,3
48,arvalis_1,arvalis_1_3,2
41,arvalis_1,arvalis_1_2,1
78,ethz_1,ethz_1_5,2
39,arvalis_1,arvalis_1_2,1
22,usask_1,usask_1_1,4
40,usask_1,usask_1_2,3
48,rres_1,rres_1_3,3
35,arvalis_3,arvalis_3_2,0
13,inrae_1,inrae_1_0,0
21,inrae_1,inrae_1_1,2
38,arvalis_1,arvalis_1_2,0
78,ethz_1,ethz_1_5,3
65,rres_1,rres_1_4,2
61,ethz_1,ethz_1_4,3
13,inrae_1,inrae_1_0,2
20,arvalis_3,arvalis_3_1,3
39,rres_1,rres_1_2,4
70,ethz_1,ethz_1_4,0
49,arvalis_1,arvalis_1_3,0
45,arvalis_3,arvalis_3_3,4
48,arvalis_1,arvalis_1_3,1
17,inrae_1,inrae_1_1,1
17,inrae_1,inrae_1_1,4
42,arvalis_1,arvalis_1_2,1
54,rres_1,rres_1_3,0
38,rres_1,rres_1_2,1
42,arvalis_3,arvalis_3_2,2
76,ethz_1,ethz_1_5,3
32,arvalis_1,arvalis_1_2,1
28,usask_1,usask_1_1,3
23,rres_1,rres_1_1,4
47,arvalis_1,arvalis_1_3,4
35,arvalis_1,arvalis_1_2,2
38,arvalis_1,arvalis_1_2,2
77,ethz_1,ethz_1_5,4
27,rres_1,rres_1_1,0
14,arvalis_3,arvalis_3_0,3
47,arvalis_1,arvalis_1_3,2
86,ethz_1,ethz_1_5,2
52,rres_1,rres_1_3,0
60,ethz_1,ethz_1_4,0
23,inrae_1,inrae_1_1,4
24,inrae_1,inrae_1_1,3
40,arvalis_1,arvalis_1_2,2
57,rres_1,rres_1_3,4
13,arvalis_3,arvalis_3_0,4
62,ethz_1,ethz_1_4,4
17,inrae_1,inrae_1_1,4
45,arvalis_1,arvalis_1_3,0
27,inrae_1,inrae_1_1,3
82,ethz_1,ethz_1_5,3
32,arvalis_3,arvalis_3_2,2
73,ethz_1,ethz_1_4,0
64,rres_1,rres_1_4,3
61,arvalis_1,arvalis_1_4,1
12,arvalis_3,arvalis_3_0,2
48,arvalis_1,arvalis_1_3,3
85,ethz_1,ethz_1_5,3
77,ethz_1,ethz_1_5,0
60,arvalis_3,arvalis_3_4,1
26,rres_1,rres_1_1,4
68,ethz_1,ethz_1_4,4
80,ethz_1,ethz_1_5,4
25,arvalis_1,arvalis_1_1,0
53,arvalis_1,arvalis_1_3,1
34,arvalis_3,arvalis_3_2,4
53,arvalis_1,arvalis_1_3,2
61,arvalis_1,arvalis_1_4,1
65,ethz_1,ethz_1_4,0
69,ethz_1,ethz_1_4,4
37,arvalis_1,arvalis_1_2,0
16,arvalis_2,arvalis_2_1,3
35,usask_1,usask_1_2,0
71,ethz_1,ethz_1_4,3
79,arvalis_1,arvalis_1_5,3
43,arvalis_1,arvalis_1_2,3
34,arvalis_1,arvalis_1_2,3
24,usask_1,usask_1_1,0
26,inrae_1,inrae_1_1,2
44,arvalis_1,arvalis_1_2,4
32,arvalis_3,arvalis_3_2,3
68,arvalis_1,arvalis_1_4,0
65,rres_1,rres_1_4,3
70,ethz_1,ethz_1_4,2
70,ethz_1,ethz_1_4,1
33,arvalis_3,arvalis_3_2,1
56,arvalis_3,arvalis_3_3,4
31,usask_1,usask_1_2,1
39,arvalis_1,arvalis_1_2,2
61,rres_1,rres_1_4,4
27,arvalis_1,arvalis_1_1,4
55,rres_1,rres_1_3,4
26,arvalis_3,arvalis_3_1,2
62,ethz_1,ethz_1_4,2
44,arvalis_1,arvalis_1_2,2
56,ethz_1,ethz_1_3,1
38,rres_1,rres_1_2,3
25,arvalis_2,arvalis_2_1,3
33,arvalis_2,arvalis_2_2,1
26,arvalis_1,arvalis_1_1,2
56,arvalis_1,arvalis_1_3,2
25,arvalis_2,arvalis_2_1,4
28,usask_1,usask_1_1,2
16,arvalis_3,arvalis_3_1,4
65,ethz_1,ethz_1_4,0
55,arvalis_1,arvalis_1_3,1
34,rres_1,rres_1_2,1
45,arvalis_1,arvalis_1_3,0
73,ethz_1,ethz_1_4,2
47,arvalis_1,arvalis_1_3,2
13,arvalis_3,arvalis_3_0,3
80,ethz_1,ethz_1_5,0
63,ethz_1,ethz_1_4,0
51,ethz_1,ethz_1_3,3
28,inrae_1,inrae_1_1,1
61,rres_1,rres_1_4,1
33,rres_1,rres_1_2,1
92,ethz_1,ethz_1_6,3
62,arvalis_1,arvalis_1_4,1
28,arvalis_1,arvalis_1_1,1
37,arvalis_1,arvalis_1_2,1
34,arvalis_1,arvalis_1_2,4
21,usask_1,usask_1_1,0
60,ethz_1,ethz_1_4,4
31,arvalis_1,arvalis_1_2,3
30,arvalis_1,arvalis_1_2,3
57,arvalis_1,arvalis_1_3,3
58,ethz_1,ethz_1_3,0
27,usask_1,usask_1_1,0
59,rres_1,rres_1_3,2
76,ethz_1,ethz_1_5,2
57,ethz_1,ethz_1_3,4
81,ethz_1,ethz_1_5,1
14,inrae_1,inrae_1_0,4
20,arvalis_2,arvalis_2_1,4
60,ethz_1,ethz_1_4,4
46,arvalis_1,arvalis_1_3,1
53,arvalis_1,arvalis_1_3,0
25,inrae_1,inrae_1_1,4
26,arvalis_2,arvalis_2_1,3
50,arvalis_1,arvalis_1_3,2
74,arvalis_1,arvalis_1_4,0
58,ethz_1,ethz_1_3,3
57,rres_1,rres_1_3,4
48,arvalis_1,arvalis_1_3,1
37,arvalis_1,arvalis_1_2,0
85,ethz_1,ethz_1_5,1
63,ethz_1,ethz_1_4,3
62,arvalis_3,arvalis_3_4,1
47,arvalis_1,arvalis_1_3,3
37,arvalis_1,arvalis_1_2,3
28,rres_1,rres_1_1,3
46,arvalis_1,arvalis_1_3,1
78,ethz_1,ethz_1_5,0
67,arvalis_1,arvalis_1_4,0
24,arvalis_1,arvalis_1_1,4
60,ethz_1,ethz_1_4,4
28,rres_1,rres_1_1,2
65,arvalis_1,arvalis_1_4,2
49,ethz_1,ethz_1_3,3
41,arvalis_1,arvalis_1_2,2
64,arvalis_1,arvalis_1_4,1
50,rres_1,rres_1_3,0
28,arvalis_1,arvalis_1_1,4
35,arvalis_3,arvalis_3_2,1
61,ethz_1,ethz_1_4,3
18,usask_1,usask_1_1,1
25,arvalis_2,arvalis_2_1,1
51,rres_1,rres_1_3,1
54,rres_1,rres_1_3,0
22,arvalis_2,arvalis_2_1,3
5,arvalis_3,arvalis_3_0,1
58,rres_1,rres_1_3,1
19,arvalis_3,arvalis_3_1,1
85,ethz_1,ethz_1_5,4
23,inrae_1,inrae_1_1,3
19,inrae_1,inrae_1_1,0
53,rres_1,rres_1_3,2
7,inrae_1,inrae_1_0,1
1,arvalis_3,arvalis_3_0,1
72,ethz_1,ethz_1_4,2
22,arvalis_3,arvalis_3_1,1
67,arvalis_3,arvalis_3_4,0
81,ethz_1,ethz_1_5,2
19,arvalis_2,arvalis_2_1,2
19,arvalis_3,arvalis_3_1,2
68,ethz_1,ethz_1_4,2
70,ethz_1,ethz_1_4,2
45,rres_1,rres_1_3,0
27,arvalis_3,arvalis_3_1,2
59,arvalis_1,arvalis_1_3,0
50,arvalis_1,arvalis_1_3,0
38,arvalis_1,arvalis_1_2,4
45,arvalis_1,arvalis_1_3,2
36,arvalis_3,arvalis_3_2,0
83,ethz_1,ethz_1_5,4
32,arvalis_1,arvalis_1_2,0
47,rres_1,rres_1_3,3
41,arvalis_1,arvalis_1_2,3
49,arvalis_1,arvalis_1_3,2
9,arvalis_3,arvalis_3_0,4
46,arvalis_1,arvalis_1_3,1
52,arvalis_1,arvalis_1_3,2
78,ethz_1,ethz_1_5,2
48,arvalis_1,arvalis_1_3,4
13,arvalis_2,arvalis_2_0,4
41,arvalis_1,arvalis_1_2,2
67,arvalis_1,arvalis_1_4,0
22,arvalis_1,arvalis_1_1,2
74,ethz_1,ethz_1_4,1
46,arvalis_1,arvalis_1_3,2
80,ethz_1,ethz_1_5,2
16,inrae_1,inrae_1_1,3
19,inrae_1,inrae_1_1,0
23,arvalis_1,arvalis_1_1,1
54,ethz_1,ethz_1_3,2
4,arvalis_3,arvalis_3_0,0
32,arvalis_1,arvalis_1_2,1
63,rres_1,rres_1_4,1
64,ethz_1,ethz_1_4,0
39,arvalis_1,arvalis_1_2,1
26,arvalis_1,arvalis_1_1,0
79,ethz_1,ethz_1_5,1
19,arvalis_2,arvalis_2_1,2
64,ethz_1,ethz_1_4,0
79,ethz_1,ethz_1_5,0
32,rres_1,rres_1_2,1
23,inrae_1,inrae_1_1,1
27,arvalis_1,arvalis_1_1,2
40,arvalis_1,arvalis_1_2,0
55,arvalis_3,arvalis_3_3,1
46,rres_1,rres_1_3,2
12,arvalis_3,arvalis_3_0,2
84,ethz_1,ethz_1_5,1
22,arvalis_2,arvalis_2_1,2
73,rres_1,rres_1_4,4
44,rres_1,rres_1_2,0
73,ethz_1,ethz_1_4,0
76,ethz_1,ethz_1_5,3
58,arvalis_1,arvalis_1_3,1
15,arvalis_3,arvalis_3_1,2
79,ethz_1,ethz_1_5,4
26,arvalis_1,arvalis_1_1,2
55,ethz_1,ethz_1_3,0
73,ethz_1,ethz_1_4,0
47,arvalis_1,arvalis_1_3,3
38,arvalis_1,arvalis_1_2,1
22,usask_1,usask_1_1,4
53,arvalis_3,arvalis_3_3,1
34,arvalis_1,arvalis_1_2,2
31,arvalis_3,arvalis_3_2,1
70,ethz_1,ethz_1_4,3
30,arvalis_3,arvalis_3_2,3
38,rres_1,rres_1_2,2
74,ethz_1,ethz_1_4,2
19,arvalis_3,arvalis_3_1,3
68,ethz_1,ethz_1_4,0
14,arvalis_2,arvalis_2_0,1
70,ethz_1,ethz_1_4,0
29,arvalis_1,arvalis_1_1,4
27,arvalis_2,arvalis_2_1,1
3,arvalis_3,arvalis_3_0,4
53,arvalis_3,arvalis_3_3,4
44,ethz_1,ethz_1_2,3
23,usask_1,usask_1_1,2
29,usask_1,usask_1_1,4
30,inrae_1,inrae_1_2,2
45,arvalis_1,arvalis_1_3,0
15,inrae_1,inrae_1_1,0
38,arvalis_1,arvalis_1_2,2
51,ethz_1,ethz_1_3,3
64,rres_1,rres_1_4,3
53,arvalis_3,arvalis_3_3,0
29,arvalis_3,arvalis_3_1,3
76,ethz_1,ethz_1_5,0
62,ethz_1,ethz_1_4,2
38,arvalis_1,arvalis_1_2,4
44,arvalis_1,arvalis_1_2,0
70,ethz_1,ethz_1_4,0
29,arvalis_2,arvalis_2_1,1
32,rres_1,rres_1_2,1
39,arvalis_3,arvalis_3_2,1
50,arvalis_3,arvalis_3_3,0
42,arvalis_1,arvalis_1_2,2
38,arvalis_1,arvalis_1_2,3
34,arvalis_1,arvalis_1_2,3
10,inrae_1,inrae_1_0,0
49,ethz_1,ethz_1_3,4
49,arvalis_1,arvalis_1_3,4
26,arvalis_1,arvalis_1_1,3
26,arvalis_1,arvalis_1_1,2
33,arvalis_1,arvalis_1_2,1
75,ethz_1,ethz_1_5,3
41,arvalis_1,arvalis_1_2,0
57,arvalis_3,arvalis_3_3,1
23,usask_1,usask_1_1,1
41,rres_1,rres_1_2,1
75,ethz_1,ethz_1_5,0
62,rres_1,rres_1_4,2
32,arvalis_3,arvalis_3_2,1
11,arvalis_3,arvalis_3_0,3
93,ethz_1,ethz_1_6,4
34,arvalis_1,arvalis_1_2,1
24,usask_1,usask_1_1,1
25,usask_1,usask_1_1,4
11,arvalis_2,arvalis_2_0,1
34,usask_1,usask_1_2,1
32,arvalis_1,arvalis_1_2,4
51,arvalis_1,arvalis_1_3,2
52,arvalis_3,arvalis_3_3,4
31,usask_1,usask_1_2,2
71,rres_1,rres_1_4,0
60,arvalis_1,arvalis_1_4,3
50,rres_1,rres_1_3,4
47,arvalis_1,arvalis_1_3,1
33,rres_1,rres_1_2,0
43,arvalis_1,arvalis_1_2,4
85,ethz_1,ethz_1_5,1
51,arvalis_1,arvalis_1_3,1
74,ethz_1,ethz_1_4,1
50,ethz_1,ethz_1_3,2
36,arvalis_1,arvalis_1_2,0
34,arvalis_1,arvalis_1_2,4
57,arvalis_1,arvalis_1_3,0
48,arvalis_1,arvalis_1_3,0
5,arvalis_3,arvalis_3_0,0
55,arvalis_1,arvalis_1_3,1
80,ethz_1,ethz_1_5,0
39,arvalis_1,arvalis_1_2,4
67,arvalis_3,arvalis_3_4,1
39,arvalis_1,arvalis_1_2,4
52,ethz_1,ethz_1_3,4
44,arvalis_1,arvalis_1_2,1
82,ethz_1,ethz_1_5,1
27,arvalis_1,arvalis_1_1,2
34,rres_1,rres_1_2,1
42,rres_1,rres_1_2,0
50,arvalis_1,arvalis_1_3,0
26,arvalis_1,arvalis_1_1,0
63,ethz_1,ethz_1_4,4
30,arvalis_1,arvalis_1_2,0
14,inrae_1,inrae_1_0,3
33,arvalis_1,arvalis_1_2,2
63,arvalis_1,arvalis_1_4,3
22,inrae_1,inrae_1_1,2
48,arvalis_1,arvalis_1_3,2
44,rres_1,rres_1_2,3
36,arvalis_1,arvalis_1_2,4
15,inrae_1,inrae_1_1,0
23,arvalis_3,arvalis_3_1,2
52,arvalis_1,arvalis_1_3,1
94,ethz_1,ethz_1_6,1
63,ethz_1,ethz_1_4,4
18,arvalis_2,arvalis_2_1,1
16,arvalis_2,arvalis_2_1,1
47,rres_1,rres_1_3,0
75,ethz_1,ethz_1_5,4
75,ethz_1,ethz_1_5,3
24,arvalis_3,arvalis_3_1,1
74,ethz_1,ethz_1_4,1
57,rres_1,rres_1_3,0
21,arvalis_3,arvalis_3_1,3
60,arvalis_3,arvalis_3_4,3
77,rres_1,rres_1_5,1
46,usask_1,usask_1_3,4
29,arvalis_1,arvalis_1_1,2
13,usask_1,usask_1_0,0
56,arvalis_1,arvalis_1_3,4
61,arvalis_1,arvalis_1_4,1
39,rres_1,rres_1_2,3
26,arvalis_2,arvalis_2_1,0
54,rres_1,rres_1_3,2
38,arvalis_1,arvalis_1_2,1
36,arvalis_1,arvalis_1_2,3
64,ethz_1,ethz_1_4,1
77,ethz_1,ethz_1_5,1
34,arvalis_1,arvalis_1_2,4
56,arvalis_3,arvalis_3_3,4
32,arvalis_3,arvalis_3_2,0
81,ethz_1,ethz_1_5,4
70,arvalis_1,arvalis_1_4,0
35,arvalis_1,arvalis_1_2,4
37,rres_1,rres_1_2,2
29,usask_1,usask_1_1,4
31,arvalis_3,arvalis_3_2,2
48,arvalis_1,arvalis_1_3,4
22,arvalis_2,arvalis_2_1,3
57,arvalis_1,arvalis_1_3,1
25,arvalis_1,arvalis_1_1,3
20,inrae_1,inrae_1_1,2
53,arvalis_3,arvalis_3_3,1
30,arvalis_1,arvalis_1_2,4
40,arvalis_1,arvalis_1_2,0
49,arvalis_1,arvalis_1_3,2
31,arvalis_1,arvalis_1_2,3
56,ethz_1,ethz_1_3,3
46,arvalis_1,arvalis_1_3,2
27,arvalis_1,arvalis_1_1,1
20,arvalis_3,arvalis_3_1,4
70,ethz_1,ethz_1_4,4
79,ethz_1,ethz_1_5,2
73,ethz_1,ethz_1_4,1
55,arvalis_3,arvalis_3_3,2
63,ethz_1,ethz_1_4,2
46,ethz_1,ethz_1_3,2
76,ethz_1,ethz_1_5,1
18,rres_1,rres_1_1,1
116,ethz_1,ethz_1_7,3
37,arvalis_1,arvalis_1_2,0
63,rres_1,rres_1_4,3
59,rres_1,rres_1_3,2
33,arvalis_1,arvalis_1_2,3
12,usask_1,usask_1_0,3
25,arvalis_3,arvalis_3_1,2
53,arvalis_1,arvalis_1_3,4
66,ethz_1,ethz_1_4,2
61,arvalis_1,arvalis_1_4,4
18,inrae_1,inrae_1_1,2
62,ethz_1,ethz_1_4,1
69,ethz_1,ethz_1_4,4
18,usask_1,usask_1_1,3
41,rres_1,rres_1_2,3
21,arvalis_3,arvalis_3_1,1
19,rres_1,rres_1_1,3
17,arvalis_2,arvalis_2_1,2
20,arvalis_2,arvalis_2_1,0
29,arvalis_2,arvalis_2_1,3
30,inrae_1,inrae_1_2,0
19,arvalis_3,arvalis_3_1,0
85,ethz_1,ethz_1_5,1
66,arvalis_1,arvalis_1_4,3
62,ethz_1,ethz_1_4,2
16,rres_1,rres_1_1,4
21,rres_1,rres_1_1,1
45,arvalis_3,arvalis_3_3,4
67,ethz_1,ethz_1_4,0
49,ethz_1,ethz_1_3,4
18,arvalis_3,arvalis_3_1,2
33,rres_1,rres_1_2,1
27,arvalis_3,arvalis_3_1,4
26,inrae_1,inrae_1_1,2
64,ethz_1,ethz_1_4,0
43,arvalis_1,arvalis_1_2,2
9,arvalis_3,arvalis_3_0,0
11,arvalis_3,arvalis_3_0,1
16,arvalis_2,arvalis_2_1,0
52,rres_1,rres_1_3,4
23,arvalis_1,arvalis_1_1,0
30,inrae_1,inrae_1_2,1
21,arvalis_2,arvalis_2_1,2
25,arvalis_2,arvalis_2_1,2
45,arvalis_1,arvalis_1_3,0
79,ethz_1,ethz_1_5,3
75,arvalis_1,arvalis_1_5,0
59,ethz_1,ethz_1_3,4
23,arvalis_2,arvalis_2_1,2
51,arvalis_1,arvalis_1_3,3
65,rres_1,rres_1_4,2
47,arvalis_1,arvalis_1_3,3
60,ethz_1,ethz_1_4,0
43,arvalis_1,arvalis_1_2,2
27,rres_1,rres_1_1,2
35,arvalis_1,arvalis_1_2,4
73,ethz_1,ethz_1_4,4
38,arvalis_1,arvalis_1_2,4
86,ethz_1,ethz_1_5,1
56,ethz_1,ethz_1_3,4
13,arvalis_3,arvalis_3_0,1
26,arvalis_1,arvalis_1_1,1
37,rres_1,rres_1_2,4
36,arvalis_3,arvalis_3_2,4
67,rres_1,rres_1_4,0
34,arvalis_1,arvalis_1_2,3
12,arvalis_3,arvalis_3_0,2
64,rres_1,rres_1_4,2
34,arvalis_1,arvalis_1_2,3
19,arvalis_2,arvalis_2_1,3
56,arvalis_3,arvalis_3_3,1
34,arvalis_1,arvalis_1_2,0
19,arvalis_3,arvalis_3_1,1
58,rres_1,rres_1_3,0
18,usask_1,usask_1_1,3
39,usask_1,usask_1_2,2
37,arvalis_3,arvalis_3_2,1
35,arvalis_1,arvalis_1_2,3
51,arvalis_3,arvalis_3_3,0
50,arvalis_1,arvalis_1_3,2
55,arvalis_3,arvalis_3_3,2
69,ethz_1,ethz_1_4,3
76,ethz_1,ethz_1_5,4
63,ethz_1,ethz_1_4,0
70,ethz_1,ethz_1_4,3
35,usask_1,usask_1_2,0
53,arvalis_3,arvalis_3_3,2
41,arvalis_1,arvalis_1_2,0
35,arvalis_1,arvalis_1_2,4
58,arvalis_3,arvalis_3_3,3
60,rres_1,rres_1_4,2
43,arvalis_1,arvalis_1_2,4
46,arvalis_1,arvalis_1_3,2
54,arvalis_1,arvalis_1_3,4
31,arvalis_1,arvalis_1_2,1
65,ethz_1,ethz_1_4,1
44,rres_1,rres_1_2,4
34,rres_1,rres_1_2,3
25,arvalis_2,arvalis_2_1,2
72,ethz_1,ethz_1_4,1
26,arvalis_1,arvalis_1_1,2
5,arvalis_3,arvalis_3_0,3
26,arvalis_1,arvalis_1_1,3
55,rres_1,rres_1_3,0
32,arvalis_1,arvalis_1_2,0
57,rres_1,rres_1_3,2
62,rres_1,rres_1_4,2
38,usask_1,usask_1_2,4
25,arvalis_1,arvalis_1_1,3
43,arvalis_1,arvalis_1_2,0
50,rres_1,rres_1_3,0
46,rres_1,rres_1_3,4
21,arvalis_3,arvalis_3_1,2
41,arvalis_1,arvalis_1_2,2
36,rres_1,rres_1_2,0
40,rres_1,rres_1_2,3
16,rres_1,rres_1_1,3
29,usask_1,usask_1_1,0
32,rres_1,rres_1_2,2
54,arvalis_1,arvalis_1_3,0
55,rres_1,rres_1_3,2
32,arvalis_1,arvalis_1_2,2
49,arvalis_3,arvalis_3_3,2
65,ethz_1,ethz_1_4,1
81,ethz_1,ethz_1_5,1
53,rres_1,rres_1_3,1
29,arvalis_1,arvalis_1_1,3
40,rres_1,rres_1_2,4
5,arvalis_3,arvalis_3_0,4
26,arvalis_2,arvalis_2_1,3
53,arvalis_1,arvalis_1_3,0
59,ethz_1,ethz_1_3,3
58,arvalis_1,arvalis_1_3,2
42,arvalis_3,arvalis_3_2,2
3,arvalis_3,arvalis_3_0,3
46,arvalis_1,arvalis_1_3,2
37,arvalis_1,arvalis_1_2,1
43,arvalis_1,arvalis_1_2,0
41,arvalis_1,arvalis_1_2,4
20,inrae_1,inrae_1_1,2
49,arvalis_3,arvalis_3_3,2
65,ethz_1,ethz_1_4,2
15,arvalis_3,arvalis_3_1,4
54,ethz_1,ethz_1_3,4
40,arvalis_1,arvalis_1_2,0
21,arvalis_2,arvalis_2_1,1
82,ethz_1,ethz_1_5,1
51,arvalis_1,arvalis_1_3,2
26,arvalis_2,arvalis_2_1,3
21,arvalis_2,arvalis_2_1,1
65,arvalis_1,arvalis_1_4,4
83,ethz_1,ethz_1_5,0
1,arvalis_3,arvalis_3_0,2
80,ethz_1,ethz_1_5,3
43,arvalis_1,arvalis_1_2,3
43,usask_1,usask_1_2,4
72,ethz_1,ethz_1_4,1
34,usask_1,usask_1_2,3
54,arvalis_3,arvalis_3_3,0
45,arvalis_1,arvalis_1_3,3
70,ethz_1,ethz_1_4,3
74,ethz_1,ethz_1_4,2
61,ethz_1,ethz_1_4,1
40,rres_1,rres_1_2,4
77,ethz_1,ethz_1_5,3
60,ethz_1,ethz_1_4,2
43,arvalis_1,arvalis_1_2,1
30,arvalis_1,arvalis_1_2,2
69,ethz_1,ethz_1_4,0
38,usask_1,usask_1_2,4
57,arvalis_1,arvalis_1_3,3
20,usask_1,usask_1_1,3
32,arvalis_3,arvalis_3_2,1
29,usask_1,usask_1_1,2
60,rres_1,rres_1_4,3
49,arvalis_3,arvalis_3_3,0
50,rres_1,rres_1_3,2
61,arvalis_1,arvalis_1_4,2
26,usask_1,usask_1_1,1
31,arvalis_3,arvalis_3_2,3
32,usask_1,usask_1_2,0
64,ethz_1,ethz_1_4,2
24,arvalis_3,arvalis_3_1,2
46,arvalis_3,arvalis_3_3,3
48,arvalis_3,arvalis_3_3,0
6,arvalis_3,arvalis_3_0,3
62,rres_1,rres_1_4,4
30,usask_1,usask_1_2,2
35,arvalis_1,arvalis_1_2,2
38,arvalis_1,arvalis_1_2,2
57,ethz_1,ethz_1_3,2
43,arvalis_1,arvalis_1_2,1
7,arvalis_3,arvalis_3_0,3
55,arvalis_1,arvalis_1_3,4
12,arvalis_3,arvalis_3_0,3
43,arvalis_3,arvalis_3_2,3
17,inrae_1,inrae_1_1,1
21,arvalis_2,arvalis_2_1,1
17,arvalis_3,arvalis_3_1,3
48,arvalis_1,arvalis_1_3,3
60,arvalis_1,arvalis_1_4,2
57,ethz_1,ethz_1_3,1
19,arvalis_2,arvalis_2_1,4
40,arvalis_1,arvalis_1_2,2
47,rres_1,rres_1_3,1
70,ethz_1,ethz_1_4,2
37,rres_1,rres_1_2,0
36,arvalis_1,arvalis_1_2,1
17,arvalis_2,arvalis_2_1,2
30,arvalis_1,arvalis_1_2,0
46,rres_1,rres_1_3,1
51,arvalis_1,arvalis_1_3,4
23,inrae_1,inrae_1_1,4
32,arvalis_3,arvalis_3_2,4
48,arvalis_1,arvalis_1_3,2
17,arvalis_3,arvalis_3_1,4
21,arvalis_1,arvalis_1_1,2
33,inrae_1,inrae_1_2,2
50,arvalis_1,arvalis_1_3,2
49,arvalis_3,arvalis_3_3,3
38,rres_1,rres_1_2,3
10,arvalis_3,arvalis_3_0,2
40,arvalis_1,arvalis_1_2,4
76,ethz_1,ethz_1_5,3
58,ethz_1,ethz_1_3,0
64,ethz_1,ethz_1_4,4
31,arvalis_1,arvalis_1_2,2
53,ethz_1,ethz_1_3,4
14,arvalis_3,arvalis_3_0,1
29,arvalis_2,arvalis_2_1,1
61,ethz_1,ethz_1_4,1
45,arvalis_1,arvalis_1_3,0
63,ethz_1,ethz_1_4,3
95,ethz_1,ethz_1_6,0
30,inrae_1,inrae_1_2,2
35,arvalis_1,arvalis_1_2,3
14,arvalis_1,arvalis_1_0,0
71,ethz_1,ethz_1_4,4
44,arvalis_1,arvalis_1_2,3
51,ethz_1,ethz_1_3,0
45,arvalis_1,arvalis_1_3,3
11,inrae_1,inrae_1_0,0
65,arvalis_1,arvalis_1_4,3
23,rres_1,rres_1_1,1
8,arvalis_3,arvalis_3_0,4
38,arvalis_3,arvalis_3_2,3
44,arvalis_1,arvalis_1_2,0
50,rres_1,rres_1_3,4
1,arvalis_3,arvalis_3_0,0
56,ethz_1,ethz_1_3,4
17,arvalis_2,arvalis_2_1,1
17,arvalis_2,arvalis_2_1,3
82,arvalis_1,arvalis_1_5,3
40,usask_1,usask_1_2,0
38,arvalis_1,arvalis_1_2,1
51,arvalis_1,arvalis_1_3,1
50,arvalis_1,arvalis_1_3,1
55,ethz_1,ethz_1_3,0
28,arvalis_1,arvalis_1_1,3
60,arvalis_1,arvalis_1_4,4
50,arvalis_1,arvalis_1_3,0
23,arvalis_1,arvalis_1_1,4
42,arvalis_1,arvalis_1_2,4
27,arvalis_2,arvalis_2_1,3
38,usask_1,usask_1_2,4
25,arvalis_3,arvalis_3_1,2
38,arvalis_3,arvalis_3_2,0
71,ethz_1,ethz_1_4,0
23,arvalis_3,arvalis_3_1,0
58,ethz_1,ethz_1_3,1
55,rres_1,rres_1_3,1
48,arvalis_1,arvalis_1_3,2
64,ethz_1,ethz_1_4,1
84,ethz_1,ethz_1_5,4
56,ethz_1,ethz_1_3,0
25,arvalis_3,arvalis_3_1,2
22,arvalis_2,arvalis_2_1,0
26,usask_1,usask_1_1,2
58,ethz_1,ethz_1_3,1
81,ethz_1,ethz_1_5,1
44,arvalis_1,arvalis_1_2,0
41,arvalis_1,arvalis_1_2,0
45,rres_1,rres_1_3,2
24,arvalis_2,arvalis_2_1,4
57,rres_1,rres_1_3,3
27,usask_1,usask_1_1,0
60,ethz_1,ethz_1_4,3
67,rres_1,rres_1_4,3
31,usask_1,usask_1_2,3
61,arvalis_1,arvalis_1_4,2
41,rres_1,rres_1_2,2
28,arvalis_1,arvalis_1_1,1
25,arvalis_2,arvalis_2_1,3
22,arvalis_2,arvalis_2_1,3
11,arvalis_3,arvalis_3_0,2
82,ethz_1,ethz_1_5,2
33,arvalis_1,arvalis_1_2,0
55,ethz_1,ethz_1_3,0
30,arvalis_1,arvalis_1_2,3
39,usask_1,usask_1_2,0
32,arvalis_1,arvalis_1_2,4
36,arvalis_1,arvalis_1_2,1
60,ethz_1,ethz_1_4,3
20,arvalis_3,arvalis_3_1,0
74,ethz_1,ethz_1_4,3
75,arvalis_3,arvalis_3_5,3
36,usask_1,usask_1_2,2
51,rres_1,rres_1_3,4
44,arvalis_1,arvalis_1_2,3
52,rres_1,rres_1_3,0
68,ethz_1,ethz_1_4,4
34,arvalis_1,arvalis_1_2,2
72,ethz_1,ethz_1_4,0
19,arvalis_3,arvalis_3_1,3
68,ethz_1,ethz_1_4,2
73,ethz_1,ethz_1_4,0
77,ethz_1,ethz_1_5,1
36,rres_1,rres_1_2,1
62,arvalis_3,arvalis_3_4,3
19,usask_1,usask_1_1,1
49,arvalis_1,arvalis_1_3,3
29,usask_1,usask_1_1,0
46,arvalis_1,arvalis_1_3,0
48,arvalis_1,arvalis_1_3,3
28,arvalis_1,arvalis_1_1,4
52,arvalis_1,arvalis_1_3,2
34,arvalis_1,arvalis_1_2,3
35,usask_1,usask_1_2,2
39,usask_1,usask_1_2,4
24,arvalis_3,arvalis_3_1,0
43,arvalis_1,arvalis_1_2,1
67,ethz_1,ethz_1_4,0
56,arvalis_1,arvalis_1_3,4
62,ethz_1,ethz_1_4,1
45,rres_1,rres_1_3,0
39,arvalis_3,arvalis_3_2,2
77,ethz_1,ethz_1_5,1
44,arvalis_1,arvalis_1_2,0
97,arvalis_1,arvalis_1_6,0
35,arvalis_1,arvalis_1_2,0
34,arvalis_1,arvalis_1_2,4
73,ethz_1,ethz_1_4,3
21,arvalis_2,arvalis_2_1,0
13,inrae_1,inrae_1_0,1
61,rres_1,rres_1_4,4
18,usask_1,usask_1_1,0
41,rres_1,rres_1_2,2
11,arvalis_2,arvalis_2_0,4
31,usask_1,usask_1_2,3
51,arvalis_1,arvalis_1_3,3
81,ethz_1,ethz_1_5,1
29,rres_1,rres_1_1,0
53,arvalis_3,arvalis_3_3,3
77,ethz_1,ethz_1_5,2
23,arvalis_2,arvalis_2_1,4
42,arvalis_1,arvalis_1_2,4
47,arvalis_1,arvalis_1_3,3
46,arvalis_1,arvalis_1_3,2
32,arvalis_1,arvalis_1_2,3
77,arvalis_1,arvalis_1_5,1
68,ethz_1,ethz_1_4,0
23,arvalis_3,arvalis_3_1,3
37,usask_1,usask_1_2,4
29,arvalis_1,arvalis_1_1,0
78,ethz_1,ethz_1_5,2
1,arvalis_3,arvalis_3_0,4
87,arvalis_3,arvalis_3_5,0
53,arvalis_1,arvalis_1_3,0
44,rres_1,rres_1_2,3
61,arvalis_1,arvalis_1_4,3
63,rres_1,rres_1_4,3
54,arvalis_1,arvalis_1_3,1
46,ethz_1,ethz_1_3,3
29,rres_1,rres_1_1,3
23,arvalis_3,arvalis_3_1,2
66,ethz_1,ethz_1_4,1
9,arvalis_3,arvalis_3_0,0
44,arvalis_1,arvalis_1_2,4
63,rres_1,rres_1_4,2
25,usask_1,usask_1_1,1
36,arvalis_1,arvalis_1_2,1
59,arvalis_1,arvalis_1_3,4
39,rres_1,rres_1_2,2
29,arvalis_3,arvalis_3_1,4
75,ethz_1,ethz_1_5,4
22,arvalis_3,arvalis_3_1,4
68,rres_1,rres_1_4,4
57,rres_1,rres_1_3,3
45,arvalis_1,arvalis_1_3,0
13,arvalis_2,arvalis_2_0,2
57,ethz_1,ethz_1_3,4
26,arvalis_1,arvalis_1_1,1
31,inrae_1,inrae_1_2,3
4,arvalis_3,arvalis_3_0,1
88,ethz_1,ethz_1_5,1
22,arvalis_2,arvalis_2_1,3
59,ethz_1,ethz_1_3,3
26,arvalis_2,arvalis_2_1,1
78,ethz_1,ethz_1_5,4
35,arvalis_3,arvalis_3_2,0
67,ethz_1,ethz_1_4,3
42,arvalis_3,arvalis_3_2,0
38,rres_1,rres_1_2,2
18,arvalis_2,arvalis_2_1,2
54,rres_1,rres_1_3,0
46,arvalis_1,arvalis_1_3,0
8,arvalis_3,arvalis_3_0,4
29,rres_1,rres_1_1,4
28,arvalis_3,arvalis_3_1,1
16,arvalis_2,arvalis_2_1,0
61,rres_1,rres_1_4,3
23,usask_1,usask_1_1,4
20,arvalis_2,arvalis_2_1,0
14,inrae_1,inrae_1_0,1
33,arvalis_1,arvalis_1_2,0
12,inrae_1,inrae_1_0,4
34,rres_1,rres_1_2,4
41,arvalis_1,arvalis_1_2,1
26,arvalis_2,arvalis_2_1,3
66,ethz_1,ethz_1_4,2
8,arvalis_3,arvalis_3_0,2
72,ethz_1,ethz_1_4,2
34,arvalis_1,arvalis_1_2,2
39,arvalis_3,arvalis_3_2,4
38,arvalis_1,arvalis_1_2,0
31,arvalis_1,arvalis_1_2,0
31,usask_1,usask_1_2,3
29,usask_1,usask_1_1,1
48,arvalis_1,arvalis_1_3,3
21,inrae_1,inrae_1_1,2
65,ethz_1,ethz_1_4,2
57,ethz_1,ethz_1_3,2
56,rres_1,rres_1_3,1
8,arvalis_3,arvalis_3_0,0
65,arvalis_1,arvalis_1_4,0
35,rres_1,rres_1_2,0
28,arvalis_1,arvalis_1_1,1
85,arvalis_1,arvalis_1_5,3
46,rres_1,rres_1_3,3
66,ethz_1,ethz_1_4,0
48,arvalis_1,arvalis_1_3,3
33,arvalis_1,arvalis_1_2,1
56,rres_1,rres_1_3,0
22,arvalis_2,arvalis_2_1,2
22,usask_1,usask_1_1,1
43,ethz_1,ethz_1_2,0
65,ethz_1,ethz_1_4,0
34,arvalis_1,arvalis_1_2,4
47,rres_1,rres_1_3,2
29,arvalis_3,arvalis_3_1,4
67,rres_1,rres_1_4,2
65,arvalis_1,arvalis_1_4,3
46,arvalis_1,arvalis_1_3,1
34,rres_1,rres_1_2,3
55,ethz_1,ethz_1_3,2
27,usask_1,usask_1_1,4
82,ethz_1,ethz_1_5,1
47,arvalis_1,arvalis_1_3,0
6,arvalis_3,arvalis_3_0,0
50,arvalis_3,arvalis_3_3,4
45,rres_1,rres_1_3,0
20,inrae_1,inrae_1_1,3
47,arvalis_1,arvalis_1_3,0
63,arvalis_1,arvalis_1_4,2
40,usask_1,usask_1_2,3
32,usask_1,usask_1_2,0
15,usask_1,usask_1_1,0
54,arvalis_1,arvalis_1_3,4
65,arvalis_3,arvalis_3_4,3
33,arvalis_1,arvalis_1_2,2
68,ethz_1,ethz_1_4,1
48,arvalis_1,arvalis_1_3,4
49,arvalis_1,arvalis_1_3,0
76,ethz_1,ethz_1_5,1
37,arvalis_1,arvalis_1_2,0
38,arvalis_3,arvalis_3_2,4
36,rres_1,rres_1_2,4
41,arvalis_3,arvalis_3_2,3
26,arvalis_3,arvalis_3_1,0
50,ethz_1,ethz_1_3,1
14,arvalis_3,arvalis_3_0,3
37,arvalis_3,arvalis_3_2,1
56,arvalis_3,arvalis_3_3,4
51,ethz_1,ethz_1_3,3
25,usask_1,usask_1_1,1
33,arvalis_1,arvalis_1_2,1
30,usask_1,usask_1_2,2
63,ethz_1,ethz_1_4,0
45,arvalis_1,arvalis_1_3,4
68,ethz_1,ethz_1_4,1
22,arvalis_2,arvalis_2_1,0
34,arvalis_1,arvalis_1_2,2
36,arvalis_1,arvalis_1_2,4
29,inrae_1,inrae_1_1,4
56,arvalis_1,arvalis_1_3,0
72,arvalis_1,arvalis_1_4,2
41,arvalis_1,arvalis_1_2,2
82,ethz_1,ethz_1_5,1
55,rres_1,rres_1_3,2
19,arvalis_2,arvalis_2_1,1
24,arvalis_2,arvalis_2_1,2
57,ethz_1,ethz_1_3,1
57,ethz_1,ethz_1_3,0
21,arvalis_3,arvalis_3_1,0
18,arvalis_3,arvalis_3_1,0
50,arvalis_1,arvalis_1_3,3
80,ethz_1,ethz_1_5,1
41,arvalis_1,arvalis_1_2,0
38,usask_1,usask_1_2,2
30,arvalis_1,arvalis_1_2,4
34,usask_1,usask_1_2,1
27,rres_1,rres_1_1,0
18,inrae_1,inrae_1_1,0
63,rres_1,rres_1_4,4
58,rres_1,rres_1_3,2
38,arvalis_1,arvalis_1_2,2
69,arvalis_1,arvalis_1_4,1
52,arvalis_3,arvalis_3_3,2
14,arvalis_2,arvalis_2_0,1
57,ethz_1,ethz_1_3,2
38,arvalis_1,arvalis_1_2,1
42,arvalis_1,arvalis_1_2,2
34,usask_1,usask_1_2,3
79,ethz_1,ethz_1_5,1
10,arvalis_3,arvalis_3_0,3
35,arvalis_1,arvalis_1_2,3
38,arvalis_1,arvalis_1_2,2
51,ethz_1,ethz_1_3,0
65,ethz_1,ethz_1_4,4
33,arvalis_1,arvalis_1_2,2
44,arvalis_1,arvalis_1_2,0
5,arvalis_3,arvalis_3_0,0
26,arvalis_1,arvalis_1_1,1
78,ethz_1,ethz_1_5,2
63,ethz_1,ethz_1_4,1
50,rres_1,rres_1_3,2
45,arvalis_1,arvalis_1_3,4
57,ethz_1,ethz_1_3,4
44,rres_1,rres_1_2,3
9,arvalis_3,arvalis_3_0,2
40,rres_1,rres_1_2,2
55,arvalis_3,arvalis_3_3,1
31,arvalis_1,arvalis_1_2,0
41,arvalis_1,arvalis_1_2,3
34,arvalis_1,arvalis_1_2,0
63,arvalis_3,arvalis_3_4,2
42,arvalis_1,arvalis_1_2,0
41,arvalis_1,arvalis_1_2,1
42,arvalis_1,arvalis_1_2,0
54,arvalis_1,arvalis_1_3,1
65,rres_1,rres_1_4,3
82,ethz_1,ethz_1_5,0
2,arvalis_3,arvalis_3_0,0
58,ethz_1,ethz_1_3,4
47,arvalis_1,arvalis_1_3,2
49,arvalis_1,arvalis_1_3,4
13,inrae_1,inrae_1_0,2
69,ethz_1,ethz_1_4,1
11,arvalis_3,arvalis_3_0,4
70,arvalis_1,arvalis_1_4,0
38,usask_1,usask_1_2,3
81,arvalis_1,arvalis_1_5,0
19,arvalis_2,arvalis_2_1,1
20,usask_1,usask_1_1,2
36,arvalis_3,arvalis_3_2,0
48,rres_1,rres_1_3,1
13,inrae_1,inrae_1_0,1
25,inrae_1,inrae_1_1,4
21,arvalis_2,arvalis_2_1,4
30,arvalis_1,arvalis_1_2,1
17,arvalis_3,arvalis_3_1,3
54,ethz_1,ethz_1_3,1
31,usask_1,usask_1_2,4
64,arvalis_1,arvalis_1_4,4
50,arvalis_1,arvalis_1_3,2
20,arvalis_3,arvalis_3_1,2
77,ethz_1,ethz_1_5,1
68,ethz_1,ethz_1_4,2
58,ethz_1,ethz_1_3,4
18,arvalis_2,arvalis_2_1,0
56,arvalis_1,arvalis_1_3,4
65,ethz_1,ethz_1_4,3
23,rres_1,rres_1_1,2
41,arvalis_3,arvalis_3_2,2
14,inrae_1,inrae_1_0,0
53,arvalis_1,arvalis_1_3,3
56,arvalis_1,arvalis_1_3,2
60,ethz_1,ethz_1_4,0
20,arvalis_2,arvalis_2_1,2
24,arvalis_1,arvalis_1_1,3
89,ethz_1,ethz_1_5,4
60,arvalis_1,arvalis_1_4,4
51,arvalis_3,arvalis_3_3,1
56,arvalis_3,arvalis_3_3,1
55,ethz_1,ethz_1_3,0
61,ethz_1,ethz_1_4,1
52,arvalis_1,arvalis_1_3,1
24,inrae_1,inrae_1_1,2
75,ethz_1,ethz_1_5,2
27,arvalis_3,arvalis_3_1,4
46,arvalis_1,arvalis_1_3,0
30,arvalis_1,arvalis_1_2,4
10,arvalis_3,arvalis_3_0,3
25,inrae_1,inrae_1_1,3
45,arvalis_1,arvalis_1_3,3
77,ethz_1,ethz_1_5,0
20,arvalis_1,arvalis_1_1,3
40,usask_1,usask_1_2,2
25,arvalis_2,arvalis_2_1,4
25,inrae_1,inrae_1_1,3
53,arvalis_1,arvalis_1_3,1
50,arvalis_1,arvalis_1_3,4
65,ethz_1,ethz_1_4,3
29,arvalis_3,arvalis_3_1,1
45,arvalis_3,arvalis_3_3,2
21,arvalis_1,arvalis_1_1,4
75,ethz_1,ethz_1_5,0
30,arvalis_1,arvalis_1_2,1
28,arvalis_1,arvalis_1_1,2
58,ethz_1,ethz_1_3,3
44,arvalis_1,arvalis_1_2,1
32,rres_1,rres_1_2,0
13,arvalis_3,arvalis_3_0,0
56,rres_1,rres_1_3,1
13,inrae_1,inrae_1_0,0
16,arvalis_3,arvalis_3_1,2
87,ethz_1,ethz_1_5,0
53,ethz_1,ethz_1_3,0
48,arvalis_1,arvalis_1_3,1
55,arvalis_1,arvalis_1_3,2
52,arvalis_3,arvalis_3_3,2
56,ethz_1,ethz_1_3,4
15,arvalis_2,arvalis_2_1,2
64,arvalis_3,arvalis_3_4,4
78,ethz_1,ethz_1_5,4
36,arvalis_1,arvalis_1_2,0
15,arvalis_3,arvalis_3_1,3
74,ethz_1,ethz_1_4,3
21,arvalis_3,arvalis_3_1,1
34,arvalis_1,arvalis_1_2,1
72,ethz_1,ethz_1_4,4
53,arvalis_3,arvalis_3_3,0
35,arvalis_1,arvalis_1_2,1
66,rres_1,rres_1_4,1
74,ethz_1,ethz_1_4,1
33,arvalis_1,arvalis_1_2,2
14,arvalis_2,arvalis_2_0,0
43,rres_1,rres_1_2,3
57,arvalis_1,arvalis_1_3,0
26,usask_1,usask_1_1,3
8,arvalis_3,arvalis_3_0,4
28,arvalis_1,arvalis_1_1,4
75,ethz_1,ethz_1_5,2
63,ethz_1,ethz_1_4,2
37,arvalis_1,arvalis_1_2,4
61,arvalis_1,arvalis_1_4,3
11,arvalis_2,arvalis_2_0,0
22,inrae_1,inrae_1_1,0
36,arvalis_1,arvalis_1_2,2
15,arvalis_2,arvalis_2_1,2
35,arvalis_1,arvalis_1_2,1
42,rres_1,rres_1_2,0
49,rres_1,rres_1_3,3
38,arvalis_1,arvalis_1_2,1
41,arvalis_1,arvalis_1_2,2
35,arvalis_1,arvalis_1_2,3
33,arvalis_1,arvalis_1_2,0
26,inrae_1,inrae_1_1,1
25,inrae_1,inrae_1_1,2
52,ethz_1,ethz_1_3,4
78,ethz_1,ethz_1_5,3
63,arvalis_1,arvalis_1_4,2
79,ethz_1,ethz_1_5,2
61,arvalis_1,arvalis_1_4,4
35,usask_1,usask_1_2,2
72,ethz_1,ethz_1_4,1
25,arvalis_3,arvalis_3_1,1
54,rres_1,rres_1_3,3
15,arvalis_3,arvalis_3_1,4
48,rres_1,rres_1_3,1
65,ethz_1,ethz_1_4,3
23,arvalis_1,arvalis_1_1,2
19,usask_1,usask_1_1,4
67,ethz_1,ethz_1_4,3
71,ethz_1,ethz_1_4,2
96,ethz_1,ethz_1_6,3
77,ethz_1,ethz_1_5,2
55,rres_1,rres_1_3,3
44,arvalis_1,arvalis_1_2,1
28,arvalis_1,arvalis_1_1,4
40,usask_1,usask_1_2,3
34,rres_1,rres_1_2,1
51,rres_1,rres_1_3,0
13,arvalis_3,arvalis_3_0,1
30,arvalis_1,arvalis_1_2,3
19,usask_1,usask_1_1,4
80,arvalis_1,arvalis_1_5,4
44,rres_1,rres_1_2,1
56,ethz_1,ethz_1_3,1
18,rres_1,rres_1_1,3
68,ethz_1,ethz_1_4,3
43,arvalis_1,arvalis_1_2,2
31,arvalis_1,arvalis_1_2,2
56,rres_1,rres_1_3,3
40,arvalis_1,arvalis_1_2,1
16,usask_1,usask_1_1,2
50,rres_1,rres_1_3,1
49,ethz_1,ethz_1_3,1
28,usask_1,usask_1_1,1
57,arvalis_1,arvalis_1_3,0
22,arvalis_2,arvalis_2_1,2
1,arvalis_3,arvalis_3_0,2
40,usask_1,usask_1_2,2
34,rres_1,rres_1_2,1
80,ethz_1,ethz_1_5,1
17,arvalis_3,arvalis_3_1,4
41,arvalis_1,arvalis_1_2,2
34,rres_1,rres_1_2,3
39,arvalis_1,arvalis_1_2,4
22,inrae_1,inrae_1_1,2
62,ethz_1,ethz_1_4,4
78,ethz_1,ethz_1_5,1
41,arvalis_1,arvalis_1_2,4
22,inrae_1,inrae_1_1,0
45,arvalis_1,arvalis_1_3,0
32,arvalis_1,arvalis_1_2,1
43,arvalis_1,arvalis_1_2,3
39,rres_1,rres_1_2,1
29,arvalis_3,arvalis_3_1,1
37,rres_1,rres_1_2,0
8,inrae_1,inrae_1_0,2
59,rres_1,rres_1_3,4
75,ethz_1,ethz_1_5,1
36,arvalis_1,arvalis_1_2,3
68,ethz_1,ethz_1_4,0
59,rres_1,rres_1_3,2
70,ethz_1,ethz_1_4,1
31,rres_1,rres_1_2,0
22,usask_1,usask_1_1,1
54,arvalis_1,arvalis_1_3,2
44,rres_1,rres_1_2,1
31,arvalis_1,arvalis_1_2,2
69,ethz_1,ethz_1_4,4
61,ethz_1,ethz_1_4,3
49,arvalis_1,arvalis_1_3,1
77,ethz_1,ethz_1_5,0
25,inrae_1,inrae_1_1,0
24,inrae_1,inrae_1_1,1
20,arvalis_2,arvalis_2_1,0
6,arvalis_3,arvalis_3_0,3
33,usask_1,usask_1_2,2
38,arvalis_1,arvalis_1_2,0
29,rres_1,rres_1_1,2
12,arvalis_3,arvalis_3_0,2
12,arvalis_3,arvalis_3_0,1
26,arvalis_1,arvalis_1_1,2
50,arvalis_1,arvalis_1_3,0
22,usask_1,usask_1_1,4
49,rres_1,rres_1_3,0
36,arvalis_1,arvalis_1_2,0
14,inrae_1,inrae_1_0,4
37,arvalis_1,arvalis_1_2,4
45,arvalis_1,arvalis_1_3,4
56,arvalis_3,arvalis_3_3,3
45,arvalis_1,arvalis_1_3,3
63,ethz_1,ethz_1_4,2
30,arvalis_1,arvalis_1_2,1
47,arvalis_1,arvalis_1_3,1
22,arvalis_2,arvalis_2_1,2
60,arvalis_3,arvalis_3_4,4
57,rres_1,rres_1_3,1
38,arvalis_1,arvalis_1_2,0
40,arvalis_3,arvalis_3_2,2
59,rres_1,rres_1_3,2
62,rres_1,rres_1_4,1
65,ethz_1,ethz_1_4,4
77,ethz_1,ethz_1_5,1
19,arvalis_2,arvalis_2_1,2
55,rres_1,rres_1_3,3
34,arvalis_1,arvalis_1_2,3
55,ethz_1,ethz_1_3,0
39,arvalis_1,arvalis_1_2,2
26,arvalis_3,arvalis_3_1,4
70,ethz_1,ethz_1_4,0
32,arvalis_1,arvalis_1_2,2
65,arvalis_1,arvalis_1_4,1
42,rres_1,rres_1_2,0
10,arvalis_3,arvalis_3_0,4
71,ethz_1,ethz_1_4,2
25,arvalis_1,arvalis_1_1,0
52,arvalis_1,arvalis_1_3,2
47,arvalis_1,arvalis_1_3,4
35,arvalis_1,arvalis_1_2,1
18,arvalis_3,arvalis_3_1,0
3,arvalis_3,arvalis_3_0,3
70,ethz_1,ethz_1_4,3
26,usask_1,usask_1_1,4
67,ethz_1,ethz_1_4,1
29,arvalis_3,arvalis_3_1,3
60,arvalis_1,arvalis_1_4,0
38,rres_1,rres_1_2,3
44,arvalis_1,arvalis_1_2,0
53,arvalis_3,arvalis_3_3,1
52,arvalis_1,arvalis_1_3,1
18,usask_1,usask_1_1,3
46,arvalis_1,arvalis_1_3,4
41,usask_1,usask_1_2,1
22,arvalis_1,arvalis_1_1,1
27,arvalis_2,arvalis_2_1,4
30,usask_1,usask_1_2,1
71,ethz_1,ethz_1_4,1
57,rres_1,rres_1_3,1
57,ethz_1,ethz_1_3,1
50,arvalis_3,arvalis_3_3,3
19,arvalis_2,arvalis_2_1,2
28,arvalis_1,arvalis_1_1,1
30,arvalis_1,arvalis_1_2,3
70,ethz_1,ethz_1_4,3
42,arvalis_1,arvalis_1_2,2
12,inrae_1,inrae_1_0,1
30,arvalis_2,arvalis_2_2,4
50,arvalis_1,arvalis_1_3,2
43,arvalis_1,arvalis_1_2,4
25,arvalis_3,arvalis_3_1,1
55,rres_1,rres_1_3,3
34,arvalis_1,arvalis_1_2,3
50,arvalis_1,arvalis_1_3,4
50,rres_1,rres_1_3,3
43,arvalis_1,arvalis_1_2,2
62,ethz_1,ethz_1_4,2
36,arvalis_1,arvalis_1_2,2
26,inrae_1,inrae_1_1,2
77,ethz_1,ethz_1_5,0
63,ethz_1,ethz_1_4,4
60,rres_1,rres_1_4,4
70,ethz_1,ethz_1_4,1
65,ethz_1,ethz_1_4,2
11,arvalis_2,arvalis_2_0,3
50,arvalis_1,arvalis_1_3,4
36,arvalis_1,arvalis_1_2,2
54,arvalis_1,arvalis_1_3,4
19,arvalis_3,arvalis_3_1,3
61,ethz_1,ethz_1_4,2
4,arvalis_3,arvalis_3_0,3
34,arvalis_1,arvalis_1_2,2
42,arvalis_1,arvalis_1_2,0
23,arvalis_1,arvalis_1_1,0
85,ethz_1,ethz_1_5,1
59,arvalis_1,arvalis_1_3,3
38,arvalis_1,arvalis_1_2,3
13,arvalis_3,arvalis_3_0,1
43,arvalis_1,arvalis_1_2,3
22,arvalis_3,arvalis_3_1,0
31,arvalis_1,arvalis_1_2,1
1,arvalis_3,arvalis_3_0,2
36,rres_1,rres_1_2,4
88,ethz_1,ethz_1_5,0
66,arvalis_1,arvalis_1_4,1
25,arvalis_1,arvalis_1_1,1
21,arvalis_3,arvalis_3_1,3
67,ethz_1,ethz_1_4,3
16,arvalis_2,arvalis_2_1,1
23,arvalis_1,arvalis_1_1,2
77,ethz_1,ethz_1_5,0
31,arvalis_1,arvalis_1_2,2
49,arvalis_1,arvalis_1_3,3
44,arvalis_1,arvalis_1_2,4
54,arvalis_3,arvalis_3_3,4
55,rres_1,rres_1_3,3
13,arvalis_3,arvalis_3_0,3
32,usask_1,usask_1_2,1
47,arvalis_1,arvalis_1_3,2
75,ethz_1,ethz_1_5,4
66,ethz_1,ethz_1_4,1
63,arvalis_3,arvalis_3_4,4
43,rres_1,rres_1_2,3
42,arvalis_3,arvalis_3_2,2
33,arvalis_1,arvalis_1_2,4
52,arvalis_3,arvalis_3_3,4
73,arvalis_1,arvalis_1_4,2
63,ethz_1,ethz_1_4,4
64,ethz_1,ethz_1_4,4
55,usask_1,usask_1_3,1
22,arvalis_2,arvalis_2_1,2
49,arvalis_3,arvalis_3_3,4
13,arvalis_3,arvalis_3_0,4
42,arvalis_1,arvalis_1_2,4
54,ethz_1,ethz_1_3,3
60,arvalis_3,arvalis_3_4,4
48,rres_1,rres_1_3,3
49,arvalis_1,arvalis_1_3,3
29,arvalis_1,arvalis_1_1,4
41,arvalis_1,arvalis_1_2,3
55,ethz_1,ethz_1_3,1
15,usask_1,usask_1_1,0
50,arvalis_1,arvalis_1_3,1
34,arvalis_1,arvalis_1_2,2
32,arvalis_1,arvalis_1_2,1
61,rres_1,rres_1_4,2
12,usask_1,usask_1_0,4
41,arvalis_1,arvalis_1_2,4
31,arvalis_1,arvalis_1_2,0
16,arvalis_2,arvalis_2_1,4
20,rres_1,rres_1_1,0
1,arvalis_3,arvalis_3_0,0
15,arvalis_2,arvalis_2_1,2
65,ethz_1,ethz_1_4,2
46,arvalis_1,arvalis_1_3,0
81,arvalis_1,arvalis_1_5,3
35,arvalis_1,arvalis_1_2,2
19,arvalis_2,arvalis_2_1,4
47,arvalis_1,arvalis_1_3,3
17,arvalis_2,arvalis_2_1,3
72,ethz_1,ethz_1_4,1
59,rres_1,rres_1_3,1
31,arvalis_1,arvalis_1_2,0
52,arvalis_3,arvalis_3_3,3
63,ethz_1,ethz_1_4,4
78,arvalis_1,arvalis_1_5,4
18,arvalis_3,arvalis_3_1,4
41,arvalis_1,arvalis_1_2,3
41,usask_1,usask_1_2,1
29,arvalis_1,arvalis_1_1,4
30,arvalis_3,arvalis_3_2,4
67,ethz_1,ethz_1_4,2
64,arvalis_1,arvalis_1_4,4
74,ethz_1,ethz_1_4,2
18,arvalis_3,arvalis_3_1,1
75,ethz_1,ethz_1_5,1
52,arvalis_1,arvalis_1_3,3
32,rres_1,rres_1_2,4
27,arvalis_2,arvalis_2_1,4
42,arvalis_3,arvalis_3_2,0
83,ethz_1,ethz_1_5,4
48,ethz_1,ethz_1_3,2
42,arvalis_1,arvalis_1_2,1
52,arvalis_1,arvalis_1_3,3
62,rres_1,rres_1_4,0
52,rres_1,rres_1_3,2
61,arvalis_3,arvalis_3_4,1
20,arvalis_1,arvalis_1_1,1
73,ethz_1,ethz_1_4,1
42,arvalis_1,arvalis_1_2,1
52,arvalis_1,arvalis_1_3,1
39,arvalis_1,arvalis_1_2,2
32,arvalis_1,arvalis_1_2,4
45,rres_1,rres_1_3,2
32,arvalis_1,arvalis_1_2,2
46,arvalis_3,arvalis_3_3,1
23,inrae_1,inrae_1_1,0
53,rres_1,rres_1_3,1
49,arvalis_1,arvalis_1_3,3
15,usask_1,usask_1_1,2
58,ethz_1,ethz_1_3,0
61,rres_1,rres_1_4,4
24,inrae_1,inrae_1_1,1
53,ethz_1,ethz_1_3,0
72,ethz_1,ethz_1_4,3
54,arvalis_1,arvalis_1_3,3
55,arvalis_3,arvalis_3_3,1
30,rres_1,rres_1_2,3
30,inrae_1,inrae_1_2,0
55,ethz_1,ethz_1_3,2
52,ethz_1,ethz_1_3,1
72,rres_1,rres_1_4,4
25,rres_1,rres_1_1,4
29,usask_1,usask_1_1,0
45,arvalis_3,arvalis_3_3,2
51,rres_1,rres_1_3,2
82,ethz_1,ethz_1_5,1
61,ethz_1,ethz_1_4,2
52,arvalis_1,arvalis_1_3,1
89,ethz_1,ethz_1_5,1
38,rres_1,rres_1_2,2
32,rres_1,rres_1_2,0
49,rres_1,rres_1_3,0
59,arvalis_3,arvalis_3_3,3
25,rres_1,rres_1_1,2
54,arvalis_1,arvalis_1_3,4
23,rres_1,rres_1_1,0
45,arvalis_1,arvalis_1_3,4
43,arvalis_1,arvalis_1_2,4
54,arvalis_3,arvalis_3_3,0
15,usask_1,usask_1_1,2
68,ethz_1,ethz_1_4,1
71,ethz_1,ethz_1_4,3
59,arvalis_1,arvalis_1_3,3
45,arvalis_1,arvalis_1_3,4
39,arvalis_1,arvalis_1_2,2
68,ethz_1,ethz_1_4,0
58,arvalis_1,arvalis_1_3,2
35,arvalis_1,arvalis_1_2,1
22,arvalis_3,arvalis_3_1,1
75,ethz_1,ethz_1_5,2
45,arvalis_1,arvalis_1_3,3
40,usask_1,usask_1_2,4
39,arvalis_1,arvalis_1_2,4
55,arvalis_3,arvalis_3_3,0
41,arvalis_1,arvalis_1_2,0
39,arvalis_3,arvalis_3_2,0
79,ethz_1,ethz_1_5,3
40,rres_1,rres_1_2,0
36,rres_1,rres_1_2,0
47,arvalis_3,arvalis_3_3,4
16,arvalis_3,arvalis_3_1,2
48,arvalis_1,arvalis_1_3,3
37,rres_1,rres_1_2,4
47,arvalis_3,arvalis_3_3,2
25,arvalis_3,arvalis_3_1,1
36,arvalis_3,arvalis_3_2,0
58,rres_1,rres_1_3,2
47,rres_1,rres_1_3,3
30,inrae_1,inrae_1_2,3
89,ethz_1,ethz_1_5,0
61,arvalis_3,arvalis_3_4,1
75,ethz_1,ethz_1_5,0
75,ethz_1,ethz_1_5,4
21,usask_1,usask_1_1,2
27,arvalis_1,arvalis_1_1,0
30,arvalis_1,arvalis_1_2,2
58,ethz_1,ethz_1_3,4
51,arvalis_1,arvalis_1_3,2
43,arvalis_1,arvalis_1_2,3
31,arvalis_1,arvalis_1_2,1
33,usask_1,usask_1_2,3
62,arvalis_3,arvalis_3_4,1
9,inrae_1,inrae_1_0,4
81,ethz_1,ethz_1_5,0
26,arvalis_3,arvalis_3_1,1
54,rres_1,rres_1_3,0
51,arvalis_3,arvalis_3_3,4
53,arvalis_1,arvalis_1_3,3
5,arvalis_3,arvalis_3_0,2
32,arvalis_1,arvalis_1_2,2
63,ethz_1,ethz_1_4,0
48,arvalis_3,arvalis_3_3,2
23,usask_1,usask_1_1,2
29,arvalis_3,arvalis_3_1,3
69,ethz_1,ethz_1_4,4
49,arvalis_1,arvalis_1_3,0
19,arvalis_3,arvalis_3_1,3
17,arvalis_3,arvalis_3_1,3
69,ethz_1,ethz_1_4,0
58,ethz_1,ethz_1_3,2
49,arvalis_1,arvalis_1_3,1
57,arvalis_1,arvalis_1_3,3
73,ethz_1,ethz_1_4,4
31,rres_1,rres_1_2,0
23,inrae_1,inrae_1_1,3
18,arvalis_2,arvalis_2_1,4
23,arvalis_3,arvalis_3_1,0
27,usask_1,usask_1_1,4
35,arvalis_1,arvalis_1_2,2
27,arvalis_2,arvalis_2_1,0
44,arvalis_1,arvalis_1_2,4
24,arvalis_2,arvalis_2_1,1
54,ethz_1,ethz_1_3,4
87,ethz_1,ethz_1_5,1
63,ethz_1,ethz_1_4,0
78,ethz_1,ethz_1_5,3
54,arvalis_1,arvalis_1_3,3
34,arvalis_1,arvalis_1_2,4
59,arvalis_3,arvalis_3_3,2
29,arvalis_2,arvalis_2_1,4
64,ethz_1,ethz_1_4,2
49,arvalis_1,arvalis_1_3,1
51,usask_1,usask_1_3,4
17,arvalis_2,arvalis_2_1,2
44,arvalis_1,arvalis_1_2,4
1,arvalis_3,arvalis_3_0,1
21,usask_1,usask_1_1,1
39,usask_1,usask_1_2,0
54,rres_1,rres_1_3,1
73,ethz_1,ethz_1_4,3
41,arvalis_1,arvalis_1_2,2
79,ethz_1,ethz_1_5,4
28,arvalis_1,arvalis_1_1,2
57,arvalis_1,arvalis_1_3,3
54,ethz_1,ethz_1_3,1
80,ethz_1,ethz_1_5,2
23,arvalis_3,arvalis_3_1,0
28,arvalis_1,arvalis_1_1,1
64,arvalis_1,arvalis_1_4,2
57,ethz_1,ethz_1_3,1
20,inrae_1,inrae_1_1,2
65,arvalis_1,arvalis_1_4,3
61,ethz_1,ethz_1_4,1
37,rres_1,rres_1_2,0
21,arvalis_2,arvalis_2_1,1
62,ethz_1,ethz_1_4,4
44,arvalis_1,arvalis_1_2,1
70,ethz_1,ethz_1_4,2
39,arvalis_3,arvalis_3_2,0
24,arvalis_2,arvalis_2_1,4
39,rres_1,rres_1_2,4
58,arvalis_1,arvalis_1_3,4
19,arvalis_3,arvalis_3_1,0
29,arvalis_1,arvalis_1_1,1
13,arvalis_3,arvalis_3_0,1
65,ethz_1,ethz_1_4,3
68,ethz_1,ethz_1_4,3
49,arvalis_1,arvalis_1_3,1
64,ethz_1,ethz_1_4,4
48,arvalis_1,arvalis_1_3,1
11,inrae_1,inrae_1_0,1
90,ethz_1,ethz_1_6,1
14,usask_1,usask_1_0,1
15,arvalis_3,arvalis_3_1,2
33,inrae_1,inrae_1_2,4
29,arvalis_3,arvalis_3_1,2
59,ethz_1,ethz_1_3,2
47,arvalis_1,arvalis_1_3,4
25,arvalis_2,arvalis_2_1,2
28,usask_1,usask_1_1,1
33,arvalis_1,arvalis_1_2,0
21,usask_1,usask_1_1,2
20,inrae_1,inrae_1_1,3
77,ethz_1,ethz_1_5,3
37,arvalis_1,arvalis_1_2,4
44,rres_1,rres_1_2,4
21,usask_1,usask_1_1,2
53,rres_1,rres_1_3,1
35,rres_1,rres_1_2,1
58,ethz_1,ethz_1_3,0
56,rres_1,rres_1_3,4
54,arvalis_1,arvalis_1_3,0
12,arvalis_3,arvalis_3_0,3
51,arvalis_1,arvalis_1_3,1
38,arvalis_1,arvalis_1_2,4
37,arvalis_1,arvalis_1_2,4
50,arvalis_1,arvalis_1_3,4
49,ethz_1,ethz_1_3,3
18,arvalis_3,arvalis_3_1,2
15,arvalis_3,arvalis_3_1,4
43,arvalis_1,arvalis_1_2,0
4,arvalis_3,arvalis_3_0,1
72,ethz_1,ethz_1_4,0
32,arvalis_1,arvalis_1_2,2
66,ethz_1,ethz_1_4,3
53,arvalis_1,arvalis_1_3,1
20,arvalis_3,arvalis_3_1,0
73,ethz_1,ethz_1_4,0
44,arvalis_3,arvalis_3_2,4
39,arvalis_1,arvalis_1_2,3
36,arvalis_1,arvalis_1_2,1
42,arvalis_1,arvalis_1_2,1
55,arvalis_1,arvalis_1_3,2
31,usask_1,usask_1_2,2
54,arvalis_3,arvalis_3_3,3
16,arvalis_3,arvalis_3_1,3
25,arvalis_2,arvalis_2_1,3
58,ethz_1,ethz_1_3,3
42,arvalis_1,arvalis_1_2,2
40,arvalis_1,arvalis_1_2,3
44,arvalis_3,arvalis_3_2,2
66,ethz_1,ethz_1_4,1
44,arvalis_1,arvalis_1_2,1
47,arvalis_1,arvalis_1_3,3
86,ethz_1,ethz_1_5,0
54,ethz_1,ethz_1_3,1
47,arvalis_1,arvalis_1_3,1
47,rres_1,rres_1_3,0
45,arvalis_1,arvalis_1_3,2
84,ethz_1,ethz_1_5,4
4,arvalis_3,arvalis_3_0,4
68,ethz_1,ethz_1_4,2
20,arvalis_3,arvalis_3_1,3
61,arvalis_1,arvalis_1_4,3
38,rres_1,rres_1_2,2
30,arvalis_1,arvalis_1_2,0
34,arvalis_1,arvalis_1_2,4
66,ethz_1,ethz_1_4,1
27,arvalis_1,arvalis_1_1,4
60,ethz_1,ethz_1_4,2
79,ethz_1,ethz_1_5,3
43,rres_1,rres_1_2,3
26,usask_1,usask_1_1,4
31,rres_1,rres_1_2,2
57,arvalis_1,arvalis_1_3,3
69,ethz_1,ethz_1_4,4
89,ethz_1,ethz_1_5,2
45,arvalis_1,arvalis_1_3,0
84,arvalis_1,arvalis_1_5,1
36,arvalis_1,arvalis_1_2,1
45,arvalis_1,arvalis_1_3,4
28,rres_1,rres_1_1,3
40,arvalis_1,arvalis_1_2,1
59,ethz_1,ethz_1_3,2
42,arvalis_1,arvalis_1_2,4
42,arvalis_1,arvalis_1_2,2
8,usask_1,usask_1_0,2
50,arvalis_1,arvalis_1_3,0
76,ethz_1,ethz_1_5,2
53,arvalis_3,arvalis_3_3,0
20,arvalis_3,arvalis_3_1,0
25,rres_1,rres_1_1,1
28,arvalis_1,arvalis_1_1,0
67,ethz_1,ethz_1_4,0
73,ethz_1,ethz_1_4,4
82,arvalis_1,arvalis_1_5,0
41,arvalis_1,arvalis_1_2,3
53,ethz_1,ethz_1_3,1
65,ethz_1,ethz_1_4,1
38,arvalis_1,arvalis_1_2,2
64,arvalis_1,arvalis_1_4,4
34,arvalis_1,arvalis_1_2,0
64,rres_1,rres_1_4,0
69,ethz_1,ethz_1_4,2
89,ethz_1,ethz_1_5,3
22,arvalis_2,arvalis_2_1,3
70,ethz_1,ethz_1_4,4
37,arvalis_2,arvalis_2_2,3
53,ethz_1,ethz_1_3,4
30,arvalis_1,arvalis_1_2,0
16,arvalis_2,arvalis_2_1,3
31,arvalis_1,arvalis_1_2,0
67,arvalis_1,arvalis_1_4,4
33,inrae_1,inrae_1_2,4
67,ethz_1,ethz_1_4,3
60,ethz_1,ethz_1_4,3
40,arvalis_1,arvalis_1_2,1
38,arvalis_1,arvalis_1_2,1
30,arvalis_3,arvalis_3_2,0
37,usask_1,usask_1_2,3
70,ethz_1,ethz_1_4,1
32,usask_1,usask_1_2,0
3,arvalis_3,arvalis_3_0,4
63,rres_1,rres_1_4,3
45,arvalis_1,arvalis_1_3,3
33,usask_1,usask_1_2,3
60,rres_1,rres_1_4,4
28,arvalis_3,arvalis_3_1,3
29,arvalis_1,arvalis_1_1,1
16,usask_1,usask_1_1,0
55,ethz_1,ethz_1_3,3
25,arvalis_2,arvalis_2_1,0
46,arvalis_1,arvalis_1_3,1
16,arvalis_3,arvalis_3_1,1
58,rres_1,rres_1_3,4
35,usask_1,usask_1_2,3
15,arvalis_2,arvalis_2_1,4
6,arvalis_3,arvalis_3_0,0
68,ethz_1,ethz_1_4,4
90,ethz_1,ethz_1_6,2
28,arvalis_3,arvalis_3_1,4
21,inrae_1,inrae_1_1,0
23,inrae_1,inrae_1_1,1
76,ethz_1,ethz_1_5,1
44,ethz_1,ethz_1_2,1
43,arvalis_1,arvalis_1_2,4
51,arvalis_1,arvalis_1_3,2
22,arvalis_3,arvalis_3_1,0
29,rres_1,rres_1_1,1
24,arvalis_3,arvalis_3_1,0
33,rres_1,rres_1_2,2
49,rres_1,rres_1_3,4
29,usask_1,usask_1_1,2
41,rres_1,rres_1_2,0
61,ethz_1,ethz_1_4,1
68,ethz_1,ethz_1_4,4
62,rres_1,rres_1_4,1
55,arvalis_1,arvalis_1_3,1
72,ethz_1,ethz_1_4,2
64,rres_1,rres_1_4,4
54,rres_1,rres_1_3,2
56,rres_1,rres_1_3,0
82,ethz_1,ethz_1_5,2
54,rres_1,rres_1_3,3
67,ethz_1,ethz_1_4,3
20,arvalis_1,arvalis_1_1,3
61,ethz_1,ethz_1_4,2
26,inrae_1,inrae_1_1,3
63,ethz_1,ethz_1_4,0
43,arvalis_1,arvalis_1_2,1
47,arvalis_1,arvalis_1_3,2
27,arvalis_3,arvalis_3_1,0
43,arvalis_1,arvalis_1_2,4
38,arvalis_3,arvalis_3_2,2
75,ethz_1,ethz_1_5,2
65,ethz_1,ethz_1_4,3
40,arvalis_1,arvalis_1_2,3
64,ethz_1,ethz_1_4,3
26,arvalis_1,arvalis_1_1,2
69,rres_1,rres_1_4,2
23,arvalis_1,arvalis_1_1,2
23,arvalis_2,arvalis_2_1,0
68,arvalis_3,arvalis_3_4,4
34,arvalis_1,arvalis_1_2,2
16,arvalis_2,arvalis_2_1,0
38,arvalis_3,arvalis_3_2,0
31,arvalis_1,arvalis_1_2,3
39,rres_1,rres_1_2,2
29,arvalis_1,arvalis_1_1,1
41,arvalis_1,arvalis_1_2,1
48,arvalis_1,arvalis_1_3,0
82,arvalis_1,arvalis_1_5,3
85,ethz_1,ethz_1_5,4
46,arvalis_3,arvalis_3_3,3
33,rres_1,rres_1_2,2
80,ethz_1,ethz_1_5,0
62,rres_1,rres_1_4,3
25,arvalis_3,arvalis_3_1,1
62,ethz_1,ethz_1_4,4
26,arvalis_3,arvalis_3_1,3
55,arvalis_3,arvalis_3_3,4
46,arvalis_1,arvalis_1_3,0
28,arvalis_1,arvalis_1_1,4
14,arvalis_3,arvalis_3_0,2
20,arvalis_3,arvalis_3_1,0
13,inrae_1,inrae_1_0,0
40,arvalis_1,arvalis_1_2,2
15,inrae_1,inrae_1_1,4
44,arvalis_1,arvalis_1_2,3
28,arvalis_3,arvalis_3_1,1
14,arvalis_2,arvalis_2_0,4
50,ethz_1,ethz_1_3,4
44,arvalis_1,arvalis_1_2,2
69,ethz_1,ethz_1_4,4
75,arvalis_1,arvalis_1_5,2
75,ethz_1,ethz_1_5,1
15,arvalis_3,arvalis_3_1,0
36,arvalis_1,arvalis_1_2,3
23,arvalis_2,arvalis_2_1,1
64,rres_1,rres_1_4,1
34,arvalis_1,arvalis_1_2,4
63,rres_1,rres_1_4,4
66,rres_1,rres_1_4,1
54,arvalis_1,arvalis_1_3,0
25,arvalis_1,arvalis_1_1,0
18,arvalis_2,arvalis_2_1,1
26,arvalis_3,arvalis_3_1,4
14,arvalis_3,arvalis_3_0,2
42,arvalis_1,arvalis_1_2,3
66,rres_1,rres_1_4,3
89,arvalis_3,arvalis_3_5,2
43,arvalis_3,arvalis_3_2,1
28,usask_1,usask_1_1,2
81,ethz_1,ethz_1_5,3
46,arvalis_1,arvalis_1_3,2
47,arvalis_1,arvalis_1_3,2
31,arvalis_1,arvalis_1_2,0
53,ethz_1,ethz_1_3,3
67,ethz_1,ethz_1_4,2
18,inrae_1,inrae_1_1,4
34,arvalis_1,arvalis_1_2,1
69,ethz_1,ethz_1_4,2
76,ethz_1,ethz_1_5,0
58,ethz_1,ethz_1_3,3
56,arvalis_1,arvalis_1_3,3
20,arvalis_2,arvalis_2_1,1
74,ethz_1,ethz_1_4,3
41,rres_1,rres_1_2,1
37,arvalis_1,arvalis_1_2,3
23,arvalis_1,arvalis_1_1,3
16,inrae_1,inrae_1_1,3
30,arvalis_1,arvalis_1_2,2
37,arvalis_1,arvalis_1_2,3
72,ethz_1,ethz_1_4,1
35,arvalis_1,arvalis_1_2,2
36,arvalis_1,arvalis_1_2,2
57,ethz_1,ethz_1_3,2
25,inrae_1,inrae_1_1,4
54,arvalis_3,arvalis_3_3,2
73,ethz_1,ethz_1_4,2
37,rres_1,rres_1_2,1
59,arvalis_3,arvalis_3_3,2
33,usask_1,usask_1_2,4
41,arvalis_3,arvalis_3_2,2
49,arvalis_1,arvalis_1_3,1
67,ethz_1,ethz_1_4,2
27,arvalis_1,arvalis_1_1,1
52,arvalis_1,arvalis_1_3,4
57,rres_1,rres_1_3,0
8,arvalis_3,arvalis_3_0,0
25,arvalis_3,arvalis_3_1,3
13,arvalis_2,arvalis_2_0,0
63,ethz_1,ethz_1_4,0
36,arvalis_3,arvalis_3_2,2
68,ethz_1,ethz_1_4,4
75,ethz_1,ethz_1_5,3
33,usask_1,usask_1_2,0
26,inrae_1,inrae_1_1,0
34,arvalis_1,arvalis_1_2,4
42,arvalis_1,arvalis_1_2,1
12,inrae_1,inrae_1_0,2
73,ethz_1,ethz_1_4,1
16,arvalis_2,arvalis_2_1,0
59,arvalis_1,arvalis_1_3,0
61,arvalis_1,arvalis_1_4,0
32,arvalis_1,arvalis_1_2,4
4,arvalis_3,arvalis_3_0,2
21,arvalis_2,arvalis_2_1,4
85,ethz_1,ethz_1_5,0
24,arvalis_2,arvalis_2_1,1
12,arvalis_3,arvalis_3_0,1
15,inrae_1,inrae_1_1,0
29,arvalis_1,arvalis_1_1,2
36,arvalis_1,arvalis_1_2,4
7,arvalis_3,arvalis_3_0,4
35,arvalis_3,arvalis_3_2,1
43,rres_1,rres_1_2,2
42,arvalis_3,arvalis_3_2,3
81,ethz_1,ethz_1_5,1
58,ethz_1,ethz_1_3,3
65,ethz_1,ethz_1_4,0
54,arvalis_1,arvalis_1_3,1
62,ethz_1,ethz_1_4,1
78,arvalis_1,arvalis_1_5,4
34,ethz_1,ethz_1_2,4
82,ethz_1,ethz_1_5,2
39,arvalis_1,arvalis_1_2,4
17,arvalis_3,arvalis_3_1,4
75,ethz_1,ethz_1_5,3
36,rres_1,rres_1_2,3
81,ethz_1,ethz_1_5,2
95,arvalis_1,arvalis_1_6,1
45,arvalis_3,arvalis_3_3,3
42,rres_1,rres_1_2,1
70,ethz_1,ethz_1_4,2
39,arvalis_1,arvalis_1_2,4
75,ethz_1,ethz_1_5,0
55,arvalis_1,arvalis_1_3,3
37,usask_1,usask_1_2,0
84,ethz_1,ethz_1_5,2
87,arvalis_1,arvalis_1_5,2
23,arvalis_1,arvalis_1_1,4
95,arvalis_1,arvalis_1_6,3
51,arvalis_3,arvalis_3_3,4
30,usask_1,usask_1_2,3
38,arvalis_1,arvalis_1_2,3
28,arvalis_1,arvalis_1_1,3
72,ethz_1,ethz_1_4,3
67,ethz_1,ethz_1_4,1
73,rres_1,rres_1_4,4
35,arvalis_1,arvalis_1_2,4
58,ethz_1,ethz_1_3,2
21,arvalis_3,arvalis_3_1,3
58,ethz_1,ethz_1_3,1
42,arvalis_1,arvalis_1_2,1
35,usask_1,usask_1_2,1
35,arvalis_1,arvalis_1_2,3
44,arvalis_1,arvalis_1_2,3
72,ethz_1,ethz_1_4,0
22,arvalis_2,arvalis_2_1,4
72,ethz_1,ethz_1_4,2
73,ethz_1,ethz_1_4,0
39,arvalis_1,arvalis_1_2,1
43,arvalis_1,arvalis_1_2,2
61,arvalis_3,arvalis_3_4,4
25,arvalis_2,arvalis_2_1,0
56,rres_1,rres_1_3,4
44,arvalis_3,arvalis_3_2,1
19,arvalis_3,arvalis_3_1,2
45,usask_1,usask_1_3,0
52,ethz_1,ethz_1_3,3
39,arvalis_1,arvalis_1_2,2
70,ethz_1,ethz_1_4,4
37,arvalis_1,arvalis_1_2,3
48,rres_1,rres_1_3,4
26,arvalis_2,arvalis_2_1,0
56,arvalis_1,arvalis_1_3,2
20,inrae_1,inrae_1_1,3
15,arvalis_3,arvalis_3_1,2
17,inrae_1,inrae_1_1,4
20,arvalis_3,arvalis_3_1,2
35,arvalis_1,arvalis_1_2,1
28,arvalis_1,arvalis_1_1,2
62,ethz_1,ethz_1_4,0
36,arvalis_1,arvalis_1_2,2
66,ethz_1,ethz_1_4,3
52,arvalis_1,arvalis_1_3,2
80,ethz_1,ethz_1_5,2
42,arvalis_1,arvalis_1_2,4
14,arvalis_3,arvalis_3_0,4
47,rres_1,rres_1_3,0
38,arvalis_3,arvalis_3_2,2
61,ethz_1,ethz_1_4,2
51,arvalis_1,arvalis_1_3,1
30,arvalis_1,arvalis_1_2,1
59,ethz_1,ethz_1_3,0
65,ethz_1,ethz_1_4,4
30,arvalis_3,arvalis_3_2,4
30,inrae_1,inrae_1_2,3
32,usask_1,usask_1_2,1
51,arvalis_1,arvalis_1_3,0
67,ethz_1,ethz_1_4,2
58,arvalis_1,arvalis_1_3,1
38,arvalis_3,arvalis_3_2,1
5,arvalis_3,arvalis_3_0,0
14,inrae_1,inrae_1_0,4
20,arvalis_3,arvalis_3_1,0
80,ethz_1,ethz_1_5,4
49,arvalis_1,arvalis_1_3,4
38,arvalis_1,arvalis_1_2,3
52,arvalis_1,arvalis_1_3,2
25,arvalis_2,arvalis_2_1,1
1,arvalis_3,arvalis_3_0,0
83,ethz_1,ethz_1_5,0
4,arvalis_3,arvalis_3_0,4
64,ethz_1,ethz_1_4,4
41,arvalis_1,arvalis_1_2,4
19,arvalis_2,arvalis_2_1,1
24,rres_1,rres_1_1,2
18,arvalis_2,arvalis_2_1,0
37,arvalis_1,arvalis_1_2,4
63,arvalis_1,arvalis_1_4,1
49,arvalis_1,arvalis_1_3,1
49,usask_1,usask_1_3,3
53,arvalis_1,arvalis_1_3,0
65,ethz_1,ethz_1_4,3
43,arvalis_1,arvalis_1_2,0
44,rres_1,rres_1_2,0
12,inrae_1,inrae_1_0,3
49,arvalis_1,arvalis_1_3,4
32,arvalis_1,arvalis_1_2,1
46,rres_1,rres_1_3,4
28,arvalis_1,arvalis_1_1,4
36,arvalis_1,arvalis_1_2,2
29,rres_1,rres_1_1,0
13,arvalis_2,arvalis_2_0,2
32,arvalis_3,arvalis_3_2,1
9,usask_1,usask_1_0,0
49,rres_1,rres_1_3,2
41,arvalis_1,arvalis_1_2,4
10,arvalis_3,arvalis_3_0,1
69,ethz_1,ethz_1_4,3
57,ethz_1,ethz_1_3,2
80,arvalis_1,arvalis_1_5,2
85,ethz_1,ethz_1_5,0
69,ethz_1,ethz_1_4,3
25,arvalis_1,arvalis_1_1,3
25,usask_1,usask_1_1,2
59,ethz_1,ethz_1_3,3
34,arvalis_3,arvalis_3_2,3
22,inrae_1,inrae_1_1,1
32,inrae_1,inrae_1_2,2
37,arvalis_1,arvalis_1_2,0
30,rres_1,rres_1_2,3
60,arvalis_1,arvalis_1_4,3
37,rres_1,rres_1_2,2
38,arvalis_1,arvalis_1_2,4
26,rres_1,rres_1_1,1
49,arvalis_1,arvalis_1_3,2
50,arvalis_1,arvalis_1_3,4
22,arvalis_3,arvalis_3_1,1
50,usask_1,usask_1_3,2
20,usask_1,usask_1_1,3
81,ethz_1,ethz_1_5,0
53,arvalis_1,arvalis_1_3,0
52,arvalis_1,arvalis_1_3,0
54,rres_1,rres_1_3,1
48,arvalis_3,arvalis_3_3,1
66,ethz_1,ethz_1_4,0
37,arvalis_3,arvalis_3_2,4
82,ethz_1,ethz_1_5,4
25,arvalis_3,arvalis_3_1,4
68,arvalis_1,arvalis_1_4,3
18,arvalis_2,arvalis_2_1,0
38,arvalis_3,arvalis_3_2,1
25,arvalis_3,arvalis_3_1,3
32,arvalis_1,arvalis_1_2,4
23,usask_1,usask_1_1,3
41,arvalis_1,arvalis_1_2,2
40,arvalis_1,arvalis_1_2,4
40,arvalis_1,arvalis_1_2,1
56,ethz_1,ethz_1_3,1
16,arvalis_3,arvalis_3_1,0
58,arvalis_1,arvalis_1_3,4
50,arvalis_1,arvalis_1_3,4
30,rres_1,rres_1_2,4
57,ethz_1,ethz_1_3,0
86,ethz_1,ethz_1_5,0
56,arvalis_3,arvalis_3_3,4
50,arvalis_3,arvalis_3_3,3
50,ethz_1,ethz_1_3,1
93,arvalis_1,arvalis_1_6,2
34,arvalis_1,arvalis_1_2,1
49,arvalis_1,arvalis_1_3,4
61,rres_1,rres_1_4,2
40,arvalis_1,arvalis_1_2,0
50,rres_1,rres_1_3,0
45,arvalis_1,arvalis_1_3,1
57,rres_1,rres_1_3,3
48,arvalis_1,arvalis_1_3,3
26,usask_1,usask_1_1,1
43,arvalis_1,arvalis_1_2,3
67,ethz_1,ethz_1_4,4
34,rres_1,rres_1_2,0
33,rres_1,rres_1_2,0
9,arvalis_3,arvalis_3_0,4
43,rres_1,rres_1_2,0
46,arvalis_3,arvalis_3_3,2
8,arvalis_3,arvalis_3_0,1
21,arvalis_2,arvalis_2_1,3
49,arvalis_1,arvalis_1_3,2
26,inrae_1,inrae_1_1,4
18,arvalis_3,arvalis_3_1,4
53,arvalis_1,arvalis_1_3,4
47,arvalis_1,arvalis_1_3,3
82,ethz_1,ethz_1_5,2
27,arvalis_1,arvalis_1_1,2
51,arvalis_1,arvalis_1_3,3
35,usask_1,usask_1_2,4
38,arvalis_1,arvalis_1_2,3
20,arvalis_1,arvalis_1_1,0
74,ethz_1,ethz_1_4,4
50,rres_1,rres_1_3,4
55,arvalis_3,arvalis_3_3,3
58,ethz_1,ethz_1_3,2
22,inrae_1,inrae_1_1,0
71,ethz_1,ethz_1_4,3
47,arvalis_1,arvalis_1_3,1
36,arvalis_1,arvalis_1_2,0
46,arvalis_1,arvalis_1_3,2
23,inrae_1,inrae_1_1,1
15,inrae_1,inrae_1_1,1
29,usask_1,usask_1_1,3
46,arvalis_3,arvalis_3_3,3
58,arvalis_1,arvalis_1_3,1
7,arvalis_3,arvalis_3_0,0
35,rres_1,rres_1_2,4
39,arvalis_1,arvalis_1_2,4
21,arvalis_3,arvalis_3_1,1
34,rres_1,rres_1_2,2
48,rres_1,rres_1_3,0
42,arvalis_1,arvalis_1_2,4
80,ethz_1,ethz_1_5,3
64,ethz_1,ethz_1_4,3
73,ethz_1,ethz_1_4,4
69,ethz_1,ethz_1_4,1
75,ethz_1,ethz_1_5,1
20,arvalis_2,arvalis_2_1,1
71,ethz_1,ethz_1_4,1
55,rres_1,rres_1_3,2
50,rres_1,rres_1_3,0
13,arvalis_3,arvalis_3_0,3
19,arvalis_3,arvalis_3_1,4
46,arvalis_3,arvalis_3_3,2
26,arvalis_1,arvalis_1_1,1
78,ethz_1,ethz_1_5,2
33,usask_1,usask_1_2,1
25,arvalis_2,arvalis_2_1,2
82,ethz_1,ethz_1_5,4
76,ethz_1,ethz_1_5,1
48,arvalis_1,arvalis_1_3,0
40,rres_1,rres_1_2,2
44,arvalis_1,arvalis_1_2,0
53,rres_1,rres_1_3,4
22,arvalis_3,arvalis_3_1,0
73,ethz_1,ethz_1_4,1
43,rres_1,rres_1_2,3
82,ethz_1,ethz_1_5,0
13,arvalis_3,arvalis_3_0,2
51,arvalis_1,arvalis_1_3,3
41,arvalis_1,arvalis_1_2,3
80,arvalis_1,arvalis_1_5,4
84,ethz_1,ethz_1_5,3
28,arvalis_3,arvalis_3_1,1
62,rres_1,rres_1_4,0
61,arvalis_3,arvalis_3_4,3
70,ethz_1,ethz_1_4,0
51,arvalis_1,arvalis_1_3,0
2,arvalis_3,arvalis_3_0,0
14,usask_1,usask_1_0,4
60,rres_1,rres_1_4,1
28,inrae_1,inrae_1_1,3
60,arvalis_1,arvalis_1_4,3
46,arvalis_1,arvalis_1_3,2
48,arvalis_1,arvalis_1_3,3
24,arvalis_1,arvalis_1_1,1
36,arvalis_1,arvalis_1_2,3
43,usask_1,usask_1_2,1
15,arvalis_3,arvalis_3_1,1
53,ethz_1,ethz_1_3,1
51,arvalis_1,arvalis_1_3,0
14,arvalis_2,arvalis_2_0,0
32,arvalis_1,arvalis_1_2,3
67,ethz_1,ethz_1_4,3
54,arvalis_1,arvalis_1_3,0
79,ethz_1,ethz_1_5,4
62,ethz_1,ethz_1_4,0
18,arvalis_2,arvalis_2_1,2
42,arvalis_1,arvalis_1_2,4
26,inrae_1,inrae_1_1,2
18,arvalis_2,arvalis_2_1,1
50,arvalis_1,arvalis_1_3,4
16,inrae_1,inrae_1_1,1
54,arvalis_1,arvalis_1_3,0
74,ethz_1,ethz_1_4,3
27,arvalis_1,arvalis_1_1,0
53,arvalis_1,arvalis_1_3,4
63,arvalis_3,arvalis_3_4,2
52,arvalis_1,arvalis_1_3,2
20,arvalis_2,arvalis_2_1,0
82,ethz_1,ethz_1_5,4
35,arvalis_1,arvalis_1_2,1
54,ethz_1,ethz_1_3,0
21,arvalis_2,arvalis_2_1,2
88,ethz_1,ethz_1_5,0
17,arvalis_3,arvalis_3_1,1
16,arvalis_3,arvalis_3_1,0
22,inrae_1,inrae_1_1,4
13,arvalis_3,arvalis_3_0,3
41,rres_1,rres_1_2,4
40,arvalis_1,arvalis_1_2,1
33,arvalis_1,arvalis_1_2,1
22,inrae_1,inrae_1_1,2
2,arvalis_3,arvalis_3_0,4
42,arvalis_3,arvalis_3_2,3
32,rres_1,rres_1_2,3
33,rres_1,rres_1_2,0
14,arvalis_3,arvalis_3_0,3
51,arvalis_1,arvalis_1_3,4
27,arvalis_1,arvalis_1_1,3
28,inrae_1,inrae_1_1,2
25,arvalis_2,arvalis_2_1,2
38,arvalis_3,arvalis_3_2,3
30,arvalis_1,arvalis_1_2,0
46,usask_1,usask_1_3,0
70,ethz_1,ethz_1_4,0
83,ethz_1,ethz_1_5,2
23,inrae_1,inrae_1_1,3
9,arvalis_3,arvalis_3_0,0
18,arvalis_2,arvalis_2_1,1
65,ethz_1,ethz_1_4,2
54,arvalis_1,arvalis_1_3,0
14,arvalis_3,arvalis_3_0,0
42,arvalis_1,arvalis_1_2,0
26,arvalis_3,arvalis_3_1,3
62,arvalis_1,arvalis_1_4,0
36,rres_1,rres_1_2,4
35,rres_1,rres_1_2,3
63,rres_1,rres_1_4,0
9,arvalis_3,arvalis_3_0,4
33,arvalis_1,arvalis_1_2,3
52,arvalis_3,arvalis_3_3,0
32,inrae_1,inrae_1_2,1
49,ethz_1,ethz_1_3,4
49,rres_1,rres_1_3,2
60,ethz_1,ethz_1_4,3
28,inrae_1,inrae_1_1,1
50,arvalis_1,arvalis_1_3,3
47,usask_1,usask_1_3,3
59,arvalis_3,arvalis_3_3,0
51,arvalis_1,arvalis_1_3,3
52,rres_1,rres_1_3,1
51,rres_1,rres_1_3,3
52,ethz_1,ethz_1_3,0
36,arvalis_1,arvalis_1_2,1
11,arvalis_3,arvalis_3_0,3
97,ethz_1,ethz_1_6,1
69,ethz_1,ethz_1_4,1
21,arvalis_2,arvalis_2_1,3
87,ethz_1,ethz_1_5,4
88,ethz_1,ethz_1_5,2
21,arvalis_2,arvalis_2_1,3
25,arvalis_3,arvalis_3_1,1
20,inrae_1,inrae_1_1,1
95,ethz_1,ethz_1_6,2
32,arvalis_1,arvalis_1_2,1
69,rres_1,rres_1_4,1
14,usask_1,usask_1_0,1
9,arvalis_2,arvalis_2_0,0
17,usask_1,usask_1_1,3
51,rres_1,rres_1_3,3
32,usask_1,usask_1_2,0
26,inrae_1,inrae_1_1,2
25,inrae_1,inrae_1_1,4
61,rres_1,rres_1_4,3
65,ethz_1,ethz_1_4,3
37,arvalis_3,arvalis_3_2,0
34,arvalis_1,arvalis_1_2,2
13,arvalis_3,arvalis_3_0,2
64,ethz_1,ethz_1_4,1
65,rres_1,rres_1_4,2
33,rres_1,rres_1_2,1
52,ethz_1,ethz_1_3,4
34,arvalis_1,arvalis_1_2,0
35,arvalis_1,arvalis_1_2,1
47,arvalis_3,arvalis_3_3,4
62,arvalis_1,arvalis_1_4,2
54,arvalis_1,arvalis_1_3,3
15,arvalis_2,arvalis_2_1,2
49,rres_1,rres_1_3,0
64,rres_1,rres_1_4,3
38,arvalis_1,arvalis_1_2,2
62,ethz_1,ethz_1_4,0
74,ethz_1,ethz_1_4,1
64,ethz_1,ethz_1_4,0
57,arvalis_1,arvalis_1_3,2
78,ethz_1,ethz_1_5,3
22,arvalis_1,arvalis_1_1,0
69,ethz_1,ethz_1_4,4
58,rres_1,rres_1_3,0
79,ethz_1,ethz_1_5,1
83,ethz_1,ethz_1_5,3
63,arvalis_1,arvalis_1_4,2
12,arvalis_3,arvalis_3_0,1
35,arvalis_1,arvalis_1_2,3
50,arvalis_1,arvalis_1_3,4
74,ethz_1,ethz_1_4,2
25,arvalis_3,arvalis_3_1,3
33,arvalis_1,arvalis_1_2,3
47,arvalis_1,arvalis_1_3,1
50,rres_1,rres_1_3,4
47,rres_1,rres_1_3,4
52,arvalis_1,arvalis_1_3,0
31,arvalis_1,arvalis_1_2,4
31,arvalis_1,arvalis_1_2,0
54,ethz_1,ethz_1_3,3
73,ethz_1,ethz_1_4,1
76,ethz_1,ethz_1_5,3
37,arvalis_1,arvalis_1_2,2
41,arvalis_3,arvalis_3_2,2
22,usask_1,usask_1_1,3
90,ethz_1,ethz_1_6,2
36,arvalis_1,arvalis_1_2,0
62,ethz_1,ethz_1_4,4
16,usask_1,usask_1_1,4
57,rres_1,rres_1_3,3
73,ethz_1,ethz_1_4,4
35,arvalis_1,arvalis_1_2,1
24,inrae_1,inrae_1_1,4
23,arvalis_2,arvalis_2_1,1
49,arvalis_1,arvalis_1_3,1
42,arvalis_1,arvalis_1_2,4
25,arvalis_2,arvalis_2_1,0
22,inrae_1,inrae_1_1,1
70,rres_1,rres_1_4,2
34,usask_1,usask_1_2,0
64,arvalis_3,arvalis_3_4,0
20,arvalis_2,arvalis_2_1,4
70,ethz_1,ethz_1_4,4
52,arvalis_1,arvalis_1_3,1
21,usask_1,usask_1_1,2
52,rres_1,rres_1_3,3
29,arvalis_3,arvalis_3_1,1
30,arvalis_3,arvalis_3_2,0
8,usask_1,usask_1_0,2
20,arvalis_1,arvalis_1_1,3
44,arvalis_1,arvalis_1_2,0
5,arvalis_3,arvalis_3_0,0
87,ethz_1,ethz_1_5,2
3,arvalis_3,arvalis_3_0,4
56,ethz_1,ethz_1_3,1
15,arvalis_3,arvalis_3_1,2
61,rres_1,rres_1_4,1
94,ethz_1,ethz_1_6,4
32,arvalis_1,arvalis_1_2,3
19,inrae_1,inrae_1_1,1
83,ethz_1,ethz_1_5,1
33,rres_1,rres_1_2,4
74,ethz_1,ethz_1_4,1
48,arvalis_1,arvalis_1_3,0
66,arvalis_3,arvalis_3_4,0
84,ethz_1,ethz_1_5,3
46,arvalis_3,arvalis_3_3,0
33,arvalis_3,arvalis_3_2,1
40,rres_1,rres_1_2,1
10,usask_1,usask_1_0,2
28,arvalis_1,arvalis_1_1,4
42,arvalis_1,arvalis_1_2,0
33,arvalis_1,arvalis_1_2,1
35,arvalis_1,arvalis_1_2,2
25,arvalis_3,arvalis_3_1,2
92,ethz_1,ethz_1_6,1
57,rres_1,rres_1_3,1
82,ethz_1,ethz_1_5,2
38,arvalis_1,arvalis_1_2,2
14,arvalis_3,arvalis_3_0,1
43,arvalis_1,arvalis_1_2,2
42,arvalis_1,arvalis_1_2,3
83,ethz_1,ethz_1_5,3
82,ethz_1,ethz_1_5,3
77,ethz_1,ethz_1_5,4
18,arvalis_3,arvalis_3_1,0
75,ethz_1,ethz_1_5,0
14,arvalis_3,arvalis_3_0,3
11,arvalis_3,arvalis_3_0,2
96,ethz_1,ethz_1_6,0
4,arvalis_3,arvalis_3_0,4
23,usask_1,usask_1_1,3
65,arvalis_1,arvalis_1_4,3
49,arvalis_3,arvalis_3_3,4
58,rres_1,rres_1_3,2
24,inrae_1,inrae_1_1,0
60,ethz_1,ethz_1_4,2
61,ethz_1,ethz_1_4,4
5,arvalis_3,arvalis_3_0,1
35,arvalis_1,arvalis_1_2,2
75,ethz_1,ethz_1_5,0
52,rres_1,rres_1_3,1
69,arvalis_1,arvalis_1_4,3
21,arvalis_2,arvalis_2_1,2
68,rres_1,rres_1_4,0
51,rres_1,rres_1_3,2
51,ethz_1,ethz_1_3,0
63,ethz_1,ethz_1_4,4
68,ethz_1,ethz_1_4,4
16,inrae_1,inrae_1_1,4
27,inrae_1,inrae_1_1,3
68,ethz_1,ethz_1_4,2
38,arvalis_1,arvalis_1_2,4
20,arvalis_1,arvalis_1_1,0
18,arvalis_2,arvalis_2_1,3
42,rres_1,rres_1_2,4
29,arvalis_2,arvalis_2_1,0
68,ethz_1,ethz_1_4,3
72,arvalis_1,arvalis_1_4,2
40,rres_1,rres_1_2,0
56,ethz_1,ethz_1_3,2
8,usask_1,usask_1_0,3
62,ethz_1,ethz_1_4,3
14,arvalis_3,arvalis_3_0,0
78,ethz_1,ethz_1_5,0
62,arvalis_1,arvalis_1_4,4
73,ethz_1,ethz_1_4,0
46,ethz_1,ethz_1_3,2
50,arvalis_1,arvalis_1_3,0
48,rres_1,rres_1_3,3
22,arvalis_3,arvalis_3_1,0
59,rres_1,rres_1_3,2
11,arvalis_3,arvalis_3_0,1
11,arvalis_3,arvalis_3_0,2
31,arvalis_1,arvalis_1_2,3
32,arvalis_1,arvalis_1_2,2
57,arvalis_1,arvalis_1_3,0
26,arvalis_1,arvalis_1_1,2
22,inrae_1,inrae_1_1,3
41,rres_1,rres_1_2,3
73,arvalis_1,arvalis_1_4,0
34,arvalis_1,arvalis_1_2,3
50,ethz_1,ethz_1_3,1
12,arvalis_2,arvalis_2_0,3
32,arvalis_3,arvalis_3_2,4
37,arvalis_1,arvalis_1_2,3
33,arvalis_1,arvalis_1_2,3
19,inrae_1,inrae_1_1,1
60,ethz_1,ethz_1_4,0
51,arvalis_1,arvalis_1_3,2
47,arvalis_1,arvalis_1_3,0
64,ethz_1,ethz_1_4,4
11,arvalis_3,arvalis_3_0,2
25,arvalis_1,arvalis_1_1,4
47,usask_1,usask_1_3,2
81,ethz_1,ethz_1_5,4
52,arvalis_3,arvalis_3_3,4
58,ethz_1,ethz_1_3,0
45,ethz_1,ethz_1_3,1
62,rres_1,rres_1_4,2
26,usask_1,usask_1_1,1
46,rres_1,rres_1_3,3
35,usask_1,usask_1_2,1
19,arvalis_2,arvalis_2_1,3
21,inrae_1,inrae_1_1,3
77,ethz_1,ethz_1_5,4
13,inrae_1,inrae_1_0,3
67,ethz_1,ethz_1_4,2
31,usask_1,usask_1_2,2
92,ethz_1,ethz_1_6,4
67,ethz_1,ethz_1_4,3
57,rres_1,rres_1_3,3
33,usask_1,usask_1_2,4
22,arvalis_2,arvalis_2_1,2
55,arvalis_1,arvalis_1_3,4
35,rres_1,rres_1_2,3
16,arvalis_3,arvalis_3_1,4
47,rres_1,rres_1_3,1
38,arvalis_1,arvalis_1_2,0
30,rres_1,rres_1_2,4
33,arvalis_1,arvalis_1_2,4
26,inrae_1,inrae_1_1,0
36,arvalis_1,arvalis_1_2,2
22,arvalis_2,arvalis_2_1,4
14,arvalis_3,arvalis_3_0,2
7,arvalis_3,arvalis_3_0,4
26,rres_1,rres_1_1,4
45,usask_1,usask_1_3,4
15,arvalis_3,arvalis_3_1,3
29,usask_1,usask_1_1,3
22,arvalis_2,arvalis_2_1,3
44,arvalis_1,arvalis_1_2,4
32,arvalis_1,arvalis_1_2,0
37,arvalis_1,arvalis_1_2,0
74,rres_1,rres_1_4,0
69,ethz_1,ethz_1_4,3
25,arvalis_2,arvalis_2_1,0
15,inrae_1,inrae_1_1,3
14,arvalis_3,arvalis_3_0,2
35,rres_1,rres_1_2,0
59,arvalis_1,arvalis_1_3,4
21,inrae_1,inrae_1_1,0
54,ethz_1,ethz_1_3,2
51,arvalis_3,arvalis_3_3,3
60,ethz_1,ethz_1_4,4
38,arvalis_3,arvalis_3_2,4
92,ethz_1,ethz_1_6,2
24,inrae_1,inrae_1_1,4
33,rres_1,rres_1_2,2
59,ethz_1,ethz_1_3,2
85,arvalis_3,arvalis_3_5,1
45,arvalis_1,arvalis_1_3,3
39,arvalis_1,arvalis_1_2,4
15,arvalis_2,arvalis_2_1,1
11,arvalis_3,arvalis_3_0,0
52,rres_1,rres_1_3,4
60,arvalis_1,arvalis_1_4,2
22,rres_1,rres_1_1,1
60,ethz_1,ethz_1_4,4
73,ethz_1,ethz_1_4,0
17,usask_1,usask_1_1,0
61,rres_1,rres_1_4,1
23,arvalis_3,arvalis_3_1,3
57,rres_1,rres_1_3,2
74,ethz_1,ethz_1_4,0
52,rres_1,rres_1_3,2
13,arvalis_3,arvalis_3_0,1
34,arvalis_1,arvalis_1_2,3
27,arvalis_2,arvalis_2_1,2
71,arvalis_3,arvalis_3_4,2
12,arvalis_3,arvalis_3_0,0
27,arvalis_2,arvalis_2_1,0
74,ethz_1,ethz_1_4,1
58,ethz_1,ethz_1_3,3
40,arvalis_1,arvalis_1_2,3
53,arvalis_1,arvalis_1_3,4
7,arvalis_3,arvalis_3_0,0
44,rres_1,rres_1_2,4
45,arvalis_3,arvalis_3_3,3
26,arvalis_1,arvalis_1_1,0
24,inrae_1,inrae_1_1,0
77,ethz_1,ethz_1_5,4
56,rres_1,rres_1_3,1
38,arvalis_3,arvalis_3_2,1
44,arvalis_1,arvalis_1_2,3
46,usask_1,usask_1_3,2
16,arvalis_2,arvalis_2_1,4
63,arvalis_1,arvalis_1_4,1
70,ethz_1,ethz_1_4,4
11,arvalis_3,arvalis_3_0,0
49,rres_1,rres_1_3,0
89,ethz_1,ethz_1_5,4
87,arvalis_3,arvalis_3_5,4
44,arvalis_3,arvalis_3_2,0
78,ethz_1,ethz_1_5,2
68,ethz_1,ethz_1_4,3
63,rres_1,rres_1_4,1
34,rres_1,rres_1_2,2
30,arvalis_1,arvalis_1_2,2
36,arvalis_3,arvalis_3_2,3
1,arvalis_3,arvalis_3_0,0
63,rres_1,rres_1_4,4
58,arvalis_1,arvalis_1_3,3
75,ethz_1,ethz_1_5,2
75,ethz_1,ethz_1_5,4
51,arvalis_3,arvalis_3_3,0
64,ethz_1,ethz_1_4,2
39,arvalis_1,arvalis_1_2,4
54,rres_1,rres_1_3,1
51,arvalis_3,arvalis_3_3,3
76,ethz_1,ethz_1_5,4
17,inrae_1,inrae_1_1,4
39,arvalis_1,arvalis_1_2,0
14,arvalis_3,arvalis_3_0,2
64,ethz_1,ethz_1_4,0
32,rres_1,rres_1_2,2
78,ethz_1,ethz_1_5,4
37,arvalis_1,arvalis_1_2,3
73,ethz_1,ethz_1_4,1
30,arvalis_3,arvalis_3_2,3
31,usask_1,usask_1_2,1
76,ethz_1,ethz_1_5,3
64,ethz_1,ethz_1_4,1
27,rres_1,rres_1_1,2
64,ethz_1,ethz_1_4,4
51,ethz_1,ethz_1_3,0
59,rres_1,rres_1_3,2
42,arvalis_1,arvalis_1_2,4
46,arvalis_1,arvalis_1_3,2
36,arvalis_1,arvalis_1_2,4
39,arvalis_3,arvalis_3_2,1
72,ethz_1,ethz_1_4,3
58,rres_1,rres_1_3,4
20,arvalis_3,arvalis_3_1,1
47,ethz_1,ethz_1_3,4
67,ethz_1,ethz_1_4,3
58,rres_1,rres_1_3,0
49,arvalis_1,arvalis_1_3,3
67,ethz_1,ethz_1_4,4
24,inrae_1,inrae_1_1,0
60,ethz_1,ethz_1_4,1
29,usask_1,usask_1_1,4
34,arvalis_3,arvalis_3_2,4
92,ethz_1,ethz_1_6,0
38,rres_1,rres_1_2,3
30,arvalis_2,arvalis_2_2,2
64,ethz_1,ethz_1_4,4
31,rres_1,rres_1_2,2
50,arvalis_1,arvalis_1_3,4
51,arvalis_1,arvalis_1_3,3
41,arvalis_1,arvalis_1_2,4
32,rres_1,rres_1_2,4
54,rres_1,rres_1_3,4
42,arvalis_1,arvalis_1_2,4
4,arvalis_3,arvalis_3_0,1
36,rres_1,rres_1_2,1
45,usask_1,usask_1_3,0
28,rres_1,rres_1_1,0
83,ethz_1,ethz_1_5,0
65,arvalis_1,arvalis_1_4,0
56,arvalis_3,arvalis_3_3,0
77,ethz_1,ethz_1_5,4
15,arvalis_3,arvalis_3_1,1
12,arvalis_2,arvalis_2_0,3
87,ethz_1,ethz_1_5,4
38,arvalis_1,arvalis_1_2,2
71,ethz_1,ethz_1_4,3
47,rres_1,rres_1_3,1
48,rres_1,rres_1_3,1
42,arvalis_3,arvalis_3_2,4
53,rres_1,rres_1_3,1
49,arvalis_1,arvalis_1_3,4
66,arvalis_3,arvalis_3_4,3
42,arvalis_1,arvalis_1_2,2
47,arvalis_3,arvalis_3_3,0
31,inrae_1,inrae_1_2,3
52,arvalis_1,arvalis_1_3,4
39,ethz_1,ethz_1_2,4
17,arvalis_2,arvalis_2_1,0
8,arvalis_3,arvalis_3_0,3
19,inrae_1,inrae_1_1,3
49,arvalis_1,arvalis_1_3,3
65,rres_1,rres_1_4,0
58,arvalis_3,arvalis_3_3,1
24,inrae_1,inrae_1_1,2
74,arvalis_3,arvalis_3_4,0
40,arvalis_1,arvalis_1_2,3
32,rres_1,rres_1_2,1
21,rres_1,rres_1_1,3
37,arvalis_1,arvalis_1_2,1
43,ethz_1,ethz_1_2,2
33,arvalis_1,arvalis_1_2,3
20,inrae_1,inrae_1_1,0
32,arvalis_1,arvalis_1_2,3
64,ethz_1,ethz_1_4,4
19,inrae_1,inrae_1_1,4
66,rres_1,rres_1_4,1
57,rres_1,rres_1_3,3
39,rres_1,rres_1_2,1
23,arvalis_2,arvalis_2_1,1
68,ethz_1,ethz_1_4,1
41,arvalis_1,arvalis_1_2,0
25,arvalis_3,arvalis_3_1,4
52,ethz_1,ethz_1_3,4
19,arvalis_2,arvalis_2_1,4
33,arvalis_1,arvalis_1_2,1
6,arvalis_3,arvalis_3_0,3
34,arvalis_1,arvalis_1_2,1
16,arvalis_3,arvalis_3_1,3
26,arvalis_3,arvalis_3_1,1
57,rres_1,rres_1_3,1
40,arvalis_1,arvalis_1_2,0
40,ethz_1,ethz_1_2,3
79,ethz_1,ethz_1_5,4
60,ethz_1,ethz_1_4,2
57,arvalis_1,arvalis_1_3,2
73,ethz_1,ethz_1_4,4
19,arvalis_3,arvalis_3_1,4
71,ethz_1,ethz_1_4,4
10,arvalis_3,arvalis_3_0,4
59,ethz_1,ethz_1_3,3
41,arvalis_1,arvalis_1_2,3
22,usask_1,usask_1_1,0
22,arvalis_3,arvalis_3_1,2
22,arvalis_2,arvalis_2_1,3
46,arvalis_1,arvalis_1_3,2
30,arvalis_3,arvalis_3_2,0
53,ethz_1,ethz_1_3,4
35,usask_1,usask_1_2,3
59,ethz_1,ethz_1_3,2
41,arvalis_1,arvalis_1_2,1
31,usask_1,usask_1_2,0
53,ethz_1,ethz_1_3,0
23,arvalis_1,arvalis_1_1,1
83,arvalis_3,arvalis_3_5,1
40,rres_1,rres_1_2,2
42,rres_1,rres_1_2,4
52,arvalis_1,arvalis_1_3,0
72,ethz_1,ethz_1_4,2
54,ethz_1,ethz_1_3,3
67,ethz_1,ethz_1_4,3
67,ethz_1,ethz_1_4,3
9,arvalis_2,arvalis_2_0,3
56,arvalis_3,arvalis_3_3,2
56,arvalis_1,arvalis_1_3,3
53,arvalis_1,arvalis_1_3,2
72,ethz_1,ethz_1_4,4
33,arvalis_1,arvalis_1_2,1
45,rres_1,rres_1_3,4
54,arvalis_1,arvalis_1_3,3
43,arvalis_1,arvalis_1_2,4
30,arvalis_2,arvalis_2_2,0
52,arvalis_1,arvalis_1_3,1
58,arvalis_3,arvalis_3_3,1
40,arvalis_1,arvalis_1_2,2
82,ethz_1,ethz_1_5,1
27,arvalis_1,arvalis_1_1,0
43,arvalis_1,arvalis_1_2,0
55,arvalis_1,arvalis_1_3,0
77,ethz_1,ethz_1_5,3
64,ethz_1,ethz_1_4,4
45,arvalis_1,arvalis_1_3,0
70,arvalis_3,arvalis_3_4,3
21,arvalis_3,arvalis_3_1,2
10,arvalis_3,arvalis_3_0,4
66,ethz_1,ethz_1_4,0
6,arvalis_3,arvalis_3_0,1
45,arvalis_3,arvalis_3_3,2
48,arvalis_1,arvalis_1_3,0
49,arvalis_1,arvalis_1_3,1
38,arvalis_1,arvalis_1_2,1
71,ethz_1,ethz_1_4,4
22,arvalis_3,arvalis_3_1,3
42,arvalis_1,arvalis_1_2,3
24,arvalis_1,arvalis_1_1,2
44,arvalis_1,arvalis_1_2,1
22,arvalis_2,arvalis_2_1,3
46,arvalis_1,arvalis_1_3,2
19,arvalis_2,arvalis_2_1,0
40,ethz_1,ethz_1_2,0
61,arvalis_3,arvalis_3_4,0
37,arvalis_1,arvalis_1_2,2
50,rres_1,rres_1_3,4
31,arvalis_1,arvalis_1_2,3
13,arvalis_3,arvalis_3_0,2
28,usask_1,usask_1_1,0
26,inrae_1,inrae_1_1,3
50,ethz_1,ethz_1_3,4
36,arvalis_1,arvalis_1_2,3
66,ethz_1,ethz_1_4,1
48,rres_1,rres_1_3,2
53,arvalis_1,arvalis_1_3,0
29,arvalis_1,arvalis_1_1,4
58,arvalis_1,arvalis_1_3,3
15,arvalis_3,arvalis_3_1,0
33,rres_1,rres_1_2,0
62,ethz_1,ethz_1_4,4
30,usask_1,usask_1_2,0
24,arvalis_1,arvalis_1_1,0
20,arvalis_2,arvalis_2_1,4
18,inrae_1,inrae_1_1,2
35,arvalis_1,arvalis_1_2,1
15,arvalis_3,arvalis_3_1,2
6,arvalis_3,arvalis_3_0,2
33,arvalis_1,arvalis_1_2,3
57,arvalis_1,arvalis_1_3,1
59,rres_1,rres_1_3,4
3,arvalis_3,arvalis_3_0,0
50,ethz_1,ethz_1_3,0
73,ethz_1,ethz_1_4,3
59,arvalis_1,arvalis_1_3,0
10,arvalis_3,arvalis_3_0,2
45,rres_1,rres_1_3,1
22,inrae_1,inrae_1_1,1
55,arvalis_3,arvalis_3_3,1
39,arvalis_1,arvalis_1_2,2
29,arvalis_1,arvalis_1_1,3
42,rres_1,rres_1_2,2
34,arvalis_1,arvalis_1_2,0
47,arvalis_1,arvalis_1_3,3
5,arvalis_3,arvalis_3_0,3
42,arvalis_1,arvalis_1_2,3
37,rres_1,rres_1_2,3
42,rres_1,rres_1_2,3
25,arvalis_1,arvalis_1_1,4
20,arvalis_2,arvalis_2_1,4
56,arvalis_1,arvalis_1_3,3
51,rres_1,rres_1_3,4
41,usask_1,usask_1_2,1
18,inrae_1,inrae_1_1,4
46,rres_1,rres_1_3,2
23,arvalis_3,arvalis_3_1,1
76,ethz_1,ethz_1_5,4
24,inrae_1,inrae_1_1,4
26,arvalis_1,arvalis_1_1,3
62,arvalis_3,arvalis_3_4,3
18,arvalis_3,arvalis_3_1,4
4,arvalis_3,arvalis_3_0,4
18,inrae_1,inrae_1_1,0
19,arvalis_3,arvalis_3_1,1
16,arvalis_2,arvalis_2_1,0
82,ethz_1,ethz_1_5,3
22,arvalis_2,arvalis_2_1,3
51,ethz_1,ethz_1_3,3
20,inrae_1,inrae_1_1,0
58,ethz_1,ethz_1_3,4
36,arvalis_1,arvalis_1_2,1
47,arvalis_1,arvalis_1_3,0
36,arvalis_3,arvalis_3_2,4
22,arvalis_2,arvalis_2_1,0
60,rres_1,rres_1_4,3
25,inrae_1,inrae_1_1,3
64,arvalis_1,arvalis_1_4,1
27,arvalis_1,arvalis_1_1,0
65,ethz_1,ethz_1_4,3
22,arvalis_3,arvalis_3_1,2
76,ethz_1,ethz_1_5,3
18,arvalis_3,arvalis_3_1,4
75,ethz_1,ethz_1_5,0
10,arvalis_2,arvalis_2_0,4
12,arvalis_3,arvalis_3_0,1
46,usask_1,usask_1_3,3
32,arvalis_1,arvalis_1_2,0
43,arvalis_1,arvalis_1_2,0
68,rres_1,rres_1_4,0
25,rres_1,rres_1_1,1
18,arvalis_3,arvalis_3_1,2
63,ethz_1,ethz_1_4,3
35,arvalis_1,arvalis_1_2,0
23,arvalis_3,arvalis_3_1,2
46,arvalis_1,arvalis_1_3,1
70,ethz_1,ethz_1_4,1
48,arvalis_1,arvalis_1_3,3
70,ethz_1,ethz_1_4,1
64,ethz_1,ethz_1_4,1
28,arvalis_1,arvalis_1_1,4
37,arvalis_1,arvalis_1_2,1
68,ethz_1,ethz_1_4,0
15,inrae_1,inrae_1_1,4
33,usask_1,usask_1_2,4
34,rres_1,rres_1_2,0
63,ethz_1,ethz_1_4,2
33,arvalis_1,arvalis_1_2,1
29,arvalis_1,arvalis_1_1,3
59,arvalis_1,arvalis_1_3,2
30,arvalis_1,arvalis_1_2,0
32,arvalis_2,arvalis_2_2,3
37,arvalis_1,arvalis_1_2,2
45,arvalis_1,arvalis_1_3,4
20,usask_1,usask_1_1,0
75,ethz_1,ethz_1_5,0
69,ethz_1,ethz_1_4,1
43,rres_1,rres_1_2,1
53,arvalis_1,arvalis_1_3,1
79,ethz_1,ethz_1_5,4
61,arvalis_1,arvalis_1_4,1
57,arvalis_1,arvalis_1_3,4
52,rres_1,rres_1_3,4
70,ethz_1,ethz_1_4,4
12,arvalis_2,arvalis_2_0,3
59,ethz_1,ethz_1_3,2
71,ethz_1,ethz_1_4,2
13,arvalis_2,arvalis_2_0,4
9,arvalis_3,arvalis_3_0,3
30,arvalis_1,arvalis_1_2,2
43,rres_1,rres_1_2,2
20,arvalis_3,arvalis_3_1,3
16,arvalis_2,arvalis_2_1,0
38,arvalis_1,arvalis_1_2,2
69,arvalis_3,arvalis_3_4,0
36,arvalis_1,arvalis_1_2,3
30,arvalis_1,arvalis_1_2,4
32,arvalis_3,arvalis_3_2,2
58,arvalis_1,arvalis_1_3,4
15,arvalis_3,arvalis_3_1,4
71,ethz_1,ethz_1_4,2
28,usask_1,usask_1_1,3
22,arvalis_2,arvalis_2_1,1
29,arvalis_3,arvalis_3_1,2
25,inrae_1,inrae_1_1,1
19,inrae_1,inrae_1_1,3
56,arvalis_1,arvalis_1_3,3
20,inrae_1,inrae_1_1,1
64,ethz_1,ethz_1_4,1
20,arvalis_1,arvalis_1_1,2
38,arvalis_3,arvalis_3_2,1
69,ethz_1,ethz_1_4,2
63,rres_1,rres_1_4,0
79,ethz_1,ethz_1_5,0
47,rres_1,rres_1_3,1
66,ethz_1,ethz_1_4,3
58,ethz_1,ethz_1_3,2
59,ethz_1,ethz_1_3,2
18,arvalis_2,arvalis_2_1,3
37,arvalis_1,arvalis_1_2,4
38,arvalis_1,arvalis_1_2,3
71,ethz_1,ethz_1_4,1
5,arvalis_3,arvalis_3_0,2
69,ethz_1,ethz_1_4,4
4,inrae_1,inrae_1_0,2
23,usask_1,usask_1_1,1
53,arvalis_1,arvalis_1_3,0
66,arvalis_1,arvalis_1_4,4
26,arvalis_1,arvalis_1_1,3
47,arvalis_1,arvalis_1_3,0
19,arvalis_2,arvalis_2_1,4
60,ethz_1,ethz_1_4,2
63,rres_1,rres_1_4,0
35,arvalis_1,arvalis_1_2,1
63,ethz_1,ethz_1_4,0
71,ethz_1,ethz_1_4,3
22,usask_1,usask_1_1,2
33,arvalis_1,arvalis_1_2,3
63,arvalis_1,arvalis_1_4,0
53,rres_1,rres_1_3,4
80,arvalis_1,arvalis_1_5,2
37,arvalis_1,arvalis_1_2,1
68,ethz_1,ethz_1_4,2
45,arvalis_3,arvalis_3_3,2
73,ethz_1,ethz_1_4,2
52,ethz_1,ethz_1_3,3
68,ethz_1,ethz_1_4,2
14,arvalis_3,arvalis_3_0,2
40,arvalis_1,arvalis_1_2,4
80,ethz_1,ethz_1_5,2
16,arvalis_2,arvalis_2_1,3
63,rres_1,rres_1_4,2
63,ethz_1,ethz_1_4,2
43,rres_1,rres_1_2,2
30,inrae_1,inrae_1_2,1
28,inrae_1,inrae_1_1,3
45,arvalis_3,arvalis_3_3,3
69,ethz_1,ethz_1_4,0
36,arvalis_1,arvalis_1_2,0
37,arvalis_1,arvalis_1_2,3
38,rres_1,rres_1_2,4
48,arvalis_1,arvalis_1_3,2
35,rres_1,rres_1_2,4
22,inrae_1,inrae_1_1,1
23,inrae_1,inrae_1_1,4
41,arvalis_1,arvalis_1_2,2
89,arvalis_1,arvalis_1_5,1
18,arvalis_3,arvalis_3_1,0
72,ethz_1,ethz_1_4,1
24,arvalis_2,arvalis_2_1,4
49,arvalis_1,arvalis_1_3,2
71,ethz_1,ethz_1_4,0
66,ethz_1,ethz_1_4,4
34,arvalis_1,arvalis_1_2,4
63,ethz_1,ethz_1_4,0
63,ethz_1,ethz_1_4,0
25,rres_1,rres_1_1,0
39,arvalis_1,arvalis_1_2,1
48,arvalis_1,arvalis_1_3,4
19,arvalis_2,arvalis_2_1,4
47,arvalis_1,arvalis_1_3,2
45,arvalis_1,arvalis_1_3,2
41,arvalis_1,arvalis_1_2,4
59,ethz_1,ethz_1_3,1
20,arvalis_3,arvalis_3_1,0
6,arvalis_3,arvalis_3_0,2
57,ethz_1,ethz_1_3,1
15,arvalis_1,arvalis_1_1,2
55,arvalis_1,arvalis_1_3,0
62,arvalis_3,arvalis_3_4,0
23,usask_1,usask_1_1,1
54,arvalis_1,arvalis_1_3,0
67,ethz_1,ethz_1_4,4
37,arvalis_1,arvalis_1_2,0
37,arvalis_1,arvalis_1_2,4
50,arvalis_1,arvalis_1_3,3
34,arvalis_1,arvalis_1_2,0
11,arvalis_3,arvalis_3_0,1
83,ethz_1,ethz_1_5,4
62,ethz_1,ethz_1_4,2
47,arvalis_3,arvalis_3_3,1
45,arvalis_3,arvalis_3_3,3
67,ethz_1,ethz_1_4,0
29,usask_1,usask_1_1,3
46,rres_1,rres_1_3,1
87,arvalis_1,arvalis_1_5,0
32,arvalis_1,arvalis_1_2,3
63,ethz_1,ethz_1_4,2
51,arvalis_3,arvalis_3_3,0
13,arvalis_2,arvalis_2_0,2
7,arvalis_3,arvalis_3_0,3
54,ethz_1,ethz_1_3,4
27,arvalis_1,arvalis_1_1,3
71,arvalis_1,arvalis_1_4,4
27,arvalis_2,arvalis_2_1,4
48,arvalis_1,arvalis_1_3,3
36,arvalis_1,arvalis_1_2,1
86,ethz_1,ethz_1_5,0
21,arvalis_2,arvalis_2_1,0
39,arvalis_1,arvalis_1_2,1
18,arvalis_3,arvalis_3_1,3
20,usask_1,usask_1_1,0
70,ethz_1,ethz_1_4,2
61,arvalis_1,arvalis_1_4,1
56,ethz_1,ethz_1_3,2
22,inrae_1,inrae_1_1,3
31,arvalis_3,arvalis_3_2,3
76,ethz_1,ethz_1_5,3
70,arvalis_3,arvalis_3_4,1
26,arvalis_1,arvalis_1_1,0
66,ethz_1,ethz_1_4,0
40,rres_1,rres_1_2,1
29,arvalis_2,arvalis_2_1,0
67,arvalis_3,arvalis_3_4,2
60,arvalis_1,arvalis_1_4,1
16,arvalis_3,arvalis_3_1,0
78,ethz_1,ethz_1_5,2
70,ethz_1,ethz_1_4,2
19,arvalis_3,arvalis_3_1,4
45,rres_1,rres_1_3,4
8,inrae_1,inrae_1_0,0
23,rres_1,rres_1_1,4
22,arvalis_2,arvalis_2_1,1
62,ethz_1,ethz_1_4,1
38,arvalis_1,arvalis_1_2,3
80,ethz_1,ethz_1_5,3
33,inrae_1,inrae_1_2,4
44,arvalis_1,arvalis_1_2,4
108,ethz_1,ethz_1_7,4
40,arvalis_1,arvalis_1_2,0
18,inrae_1,inrae_1_1,0
49,arvalis_1,arvalis_1_3,0
39,arvalis_3,arvalis_3_2,3
28,arvalis_1,arvalis_1_1,3
17,usask_1,usask_1_1,3
79,ethz_1,ethz_1_5,4
44,arvalis_1,arvalis_1_2,2
55,arvalis_3,arvalis_3_3,4
21,arvalis_2,arvalis_2_1,2
14,arvalis_3,arvalis_3_0,4
34,rres_1,rres_1_2,1
8,arvalis_3,arvalis_3_0,1
54,ethz_1,ethz_1_3,0
30,rres_1,rres_1_2,4
39,arvalis_1,arvalis_1_2,3
20,usask_1,usask_1_1,0
39,arvalis_1,arvalis_1_2,0
69,ethz_1,ethz_1_4,1
77,ethz_1,ethz_1_5,0
66,ethz_1,ethz_1_4,0
30,arvalis_1,arvalis_1_2,2
53,rres_1,rres_1_3,3
18,inrae_1,inrae_1_1,2
62,arvalis_1,arvalis_1_4,0
32,rres_1,rres_1_2,4
20,arvalis_3,arvalis_3_1,4
30,arvalis_1,arvalis_1_2,4
17,arvalis_2,arvalis_2_1,4
11,arvalis_3,arvalis_3_0,4
56,arvalis_1,arvalis_1_3,4
26,arvalis_3,arvalis_3_1,0
60,arvalis_3,arvalis_3_4,2
61,ethz_1,ethz_1_4,3
30,arvalis_1,arvalis_1_2,0
41,arvalis_1,arvalis_1_2,4
56,rres_1,rres_1_3,4
60,ethz_1,ethz_1_4,0
34,usask_1,usask_1_2,4
41,arvalis_1,arvalis_1_2,0
49,arvalis_1,arvalis_1_3,2
49,ethz_1,ethz_1_3,1
81,ethz_1,ethz_1_5,2
74,ethz_1,ethz_1_4,0
61,ethz_1,ethz_1_4,3
34,arvalis_1,arvalis_1_2,0
46,arvalis_1,arvalis_1_3,3
78,ethz_1,ethz_1_5,0
81,ethz_1,ethz_1_5,2
58,arvalis_1,arvalis_1_3,2
25,usask_1,usask_1_1,1
14,inrae_1,inrae_1_0,4
31,arvalis_3,arvalis_3_2,3
24,inrae_1,inrae_1_1,2
31,rres_1,rres_1_2,4
32,rres_1,rres_1_2,2
26,arvalis_2,arvalis_2_1,0
50,arvalis_1,arvalis_1_3,4
75,ethz_1,ethz_1_5,3
75,ethz_1,ethz_1_5,3
48,arvalis_1,arvalis_1_3,3
38,rres_1,rres_1_2,0
58,arvalis_1,arvalis_1_3,4
66,ethz_1,ethz_1_4,2
13,inrae_1,inrae_1_0,2
76,arvalis_3,arvalis_3_5,2
45,arvalis_1,arvalis_1_3,2
38,arvalis_1,arvalis_1_2,2
67,ethz_1,ethz_1_4,3
40,arvalis_1,arvalis_1_2,3
26,usask_1,usask_1_1,1
13,arvalis_3,arvalis_3_0,1
25,arvalis_1,arvalis_1_1,1
84,ethz_1,ethz_1_5,3
52,arvalis_1,arvalis_1_3,1
43,rres_1,rres_1_2,0
40,arvalis_1,arvalis_1_2,2
6,arvalis_3,arvalis_3_0,0
48,ethz_1,ethz_1_3,1
104,ethz_1,ethz_1_6,3
63,ethz_1,ethz_1_4,1
36,arvalis_1,arvalis_1_2,1
53,arvalis_1,arvalis_1_3,2
45,ethz_1,ethz_1_3,0
54,arvalis_3,arvalis_3_3,1
44,rres_1,rres_1_2,4
63,arvalis_3,arvalis_3_4,4
52,arvalis_3,arvalis_3_3,3
25,arvalis_1,arvalis_1_1,1
28,arvalis_3,arvalis_3_1,4
58,rres_1,rres_1_3,0
12,arvalis_3,arvalis_3_0,1
35,usask_1,usask_1_2,4
21,inrae_1,inrae_1_1,4
55,rres_1,rres_1_3,1
78,ethz_1,ethz_1_5,0
41,arvalis_1,arvalis_1_2,3
2,arvalis_3,arvalis_3_0,3
53,arvalis_1,arvalis_1_3,1
35,arvalis_3,arvalis_3_2,3
37,rres_1,rres_1_2,2
32,arvalis_1,arvalis_1_2,1
59,arvalis_1,arvalis_1_3,1
31,arvalis_3,arvalis_3_2,3
32,arvalis_1,arvalis_1_2,0
42,arvalis_3,arvalis_3_2,3
39,arvalis_1,arvalis_1_2,4
32,arvalis_1,arvalis_1_2,3
26,inrae_1,inrae_1_1,2
69,ethz_1,ethz_1_4,1
21,arvalis_2,arvalis_2_1,1
44,arvalis_3,arvalis_3_2,4
49,rres_1,rres_1_3,3
49,arvalis_1,arvalis_1_3,4
82,ethz_1,ethz_1_5,2
49,arvalis_1,arvalis_1_3,3
56,arvalis_1,arvalis_1_3,1
67,ethz_1,ethz_1_4,0
45,rres_1,rres_1_3,2
35,arvalis_3,arvalis_3_2,3
54,ethz_1,ethz_1_3,2
8,arvalis_3,arvalis_3_0,0
57,ethz_1,ethz_1_3,4
34,arvalis_1,arvalis_1_2,4
84,ethz_1,ethz_1_5,4
79,ethz_1,ethz_1_5,2
62,ethz_1,ethz_1_4,2
10,arvalis_3,arvalis_3_0,3
39,arvalis_1,arvalis_1_2,3
88,ethz_1,ethz_1_5,2
56,arvalis_1,arvalis_1_3,4
35,arvalis_3,arvalis_3_2,2
56,rres_1,rres_1_3,2
33,arvalis_1,arvalis_1_2,3
44,rres_1,rres_1_2,2
83,ethz_1,ethz_1_5,3
71,rres_1,rres_1_4,1
22,inrae_1,inrae_1_1,4
37,arvalis_1,arvalis_1_2,0
38,arvalis_1,arvalis_1_2,1
22,arvalis_1,arvalis_1_1,4
69,ethz_1,ethz_1_4,2
26,arvalis_1,arvalis_1_1,4
63,ethz_1,ethz_1_4,4
37,arvalis_3,arvalis_3_2,2
71,ethz_1,ethz_1_4,3
13,arvalis_3,arvalis_3_0,1
37,arvalis_1,arvalis_1_2,0
25,arvalis_3,arvalis_3_1,2
82,ethz_1,ethz_1_5,2
21,usask_1,usask_1_1,2
64,arvalis_1,arvalis_1_4,2
14,arvalis_2,arvalis_2_0,2
46,arvalis_3,arvalis_3_3,1
79,ethz_1,ethz_1_5,1
37,arvalis_3,arvalis_3_2,0
30,arvalis_1,arvalis_1_2,1
24,arvalis_1,arvalis_1_1,3
37,arvalis_1,arvalis_1_2,2
40,arvalis_1,arvalis_1_2,1
50,arvalis_1,arvalis_1_3,0
74,ethz_1,ethz_1_4,1
21,arvalis_2,arvalis_2_1,2
57,rres_1,rres_1_3,4
39,arvalis_1,arvalis_1_2,4
45,arvalis_1,arvalis_1_3,2
35,rres_1,rres_1_2,3
59,rres_1,rres_1_3,4
41,arvalis_1,arvalis_1_2,2
48,arvalis_1,arvalis_1_3,1
31,arvalis_1,arvalis_1_2,3
82,arvalis_1,arvalis_1_5,1
18,arvalis_1,arvalis_1_1,0
47,arvalis_1,arvalis_1_3,1
45,rres_1,rres_1_3,0
52,rres_1,rres_1_3,3
54,ethz_1,ethz_1_3,3
44,arvalis_1,arvalis_1_2,2
46,rres_1,rres_1_3,0
23,inrae_1,inrae_1_1,3
57,arvalis_1,arvalis_1_3,3
44,arvalis_1,arvalis_1_2,4
22,arvalis_1,arvalis_1_1,0
21,arvalis_3,arvalis_3_1,0
17,arvalis_2,arvalis_2_1,1
20,arvalis_2,arvalis_2_1,4
71,ethz_1,ethz_1_4,0
37,arvalis_1,arvalis_1_2,3
57,rres_1,rres_1_3,1
52,arvalis_1,arvalis_1_3,1
34,arvalis_1,arvalis_1_2,3
41,usask_1,usask_1_2,4
39,arvalis_1,arvalis_1_2,4
